session,mode,threads,runs,job_name,rw,ioengine,op,avg_elapsed_sec,avg_jobs,avg_total_ops,avg_ops_per_job,avg_iops,avg_bw_kib_per_sec,avg_bw_mib_per_sec,avg_io_mib,avg_run_msec,avg_clat_avg_usec,avg_clat_stdev_usec,avg_cpu_usr_pct,avg_cpu_sys_pct,avg_ctx,avg_threads_started,avg_groupid,avg_err,avg_pid,avg_iodepth,avg_bw_decimal_value,avg_bw_decimal_unit,avg_io_decimal_value,avg_io_decimal_unit,avg_run_bw_kib_per_sec,avg_run_bw_mib_per_sec,avg_run_io_mib,avg_run_msec_min,avg_run_msec_max,avg_bw_min_kib_per_sec,avg_bw_max_kib_per_sec,avg_bw_avg_kib_per_sec,avg_bw_stdev_kib_per_sec,avg_bw_per_pct,avg_bw_samples,avg_iops_min,avg_iops_max,avg_iops_avg,avg_iops_stdev,avg_iops_samples,avg_cpu_majf,avg_cpu_minf,avg_total_read_ops,avg_total_write_ops,avg_total_trim_ops,avg_total_sync_ops,avg_short_read_ops,avg_short_write_ops,avg_short_trim_ops,avg_short_sync_ops,avg_dropped_read_ops,avg_dropped_write_ops,avg_dropped_trim_ops,avg_dropped_sync_ops,avg_latency_target,avg_latency_window,avg_latency_percentile,avg_latency_depth,avg_io_depth_1_pct,avg_io_depth_2_pct,avg_io_depth_4_pct,avg_io_depth_8_pct,avg_io_depth_16_pct,avg_io_depth_32_pct,avg_io_depth_ge64_pct,avg_submit_0_pct,avg_submit_4_pct,avg_submit_8_pct,avg_submit_16_pct,avg_submit_32_pct,avg_submit_64_pct,avg_submit_ge64_pct,avg_complete_0_pct,avg_complete_4_pct,avg_complete_8_pct,avg_complete_16_pct,avg_complete_32_pct,avg_complete_64_pct,avg_complete_ge64_pct,avg_slat_min_usec,avg_slat_max_usec,avg_slat_avg_usec,avg_slat_stdev_usec,avg_slat_p01_usec,avg_slat_p05_usec,avg_slat_p10_usec,avg_slat_p20_usec,avg_slat_p30_usec,avg_slat_p40_usec,avg_slat_p50_usec,avg_slat_p60_usec,avg_slat_p70_usec,avg_slat_p80_usec,avg_slat_p90_usec,avg_slat_p95_usec,avg_slat_p99_usec,avg_slat_p995_usec,avg_slat_p999_usec,avg_slat_p9995_usec,avg_slat_p9999_usec,avg_clat_min_usec,avg_clat_max_usec,avg_clat_avg_usec,avg_clat_stdev_usec,avg_clat_p01_usec,avg_clat_p05_usec,avg_clat_p10_usec,avg_clat_p20_usec,avg_clat_p30_usec,avg_clat_p40_usec,avg_clat_p50_usec,avg_clat_p60_usec,avg_clat_p70_usec,avg_clat_p80_usec,avg_clat_p90_usec,avg_clat_p95_usec,avg_clat_p99_usec,avg_clat_p995_usec,avg_clat_p999_usec,avg_clat_p9995_usec,avg_clat_p9999_usec,avg_lat_min_usec,avg_lat_max_usec,avg_lat_avg_usec,avg_lat_stdev_usec,avg_lat_p01_usec,avg_lat_p05_usec,avg_lat_p10_usec,avg_lat_p20_usec,avg_lat_p30_usec,avg_lat_p40_usec,avg_lat_p50_usec,avg_lat_p60_usec,avg_lat_p70_usec,avg_lat_p80_usec,avg_lat_p90_usec,avg_lat_p95_usec,avg_lat_p99_usec,avg_lat_p995_usec,avg_lat_p999_usec,avg_lat_p9995_usec,avg_lat_p9999_usec
0313_163640,base,1,10,create,read,filecreate,read,3.400000,1.000000,8000.000000,8000.000000,2641.700000,10560.884000,10.313363,31.200000,3035.800000,120.924000,16.612000,53.672000,4.686000,24166.300000,1.000000,0.000000,0.000000,180925.300000,1.000000,10.800000,,31.200000,,10560.884000,10.313363,31.200000,3035.800000,3035.800000,6504.800000,14961.600000,9735.067000,3114.842000,92.223000,5.600000,1626.200000,3740.400000,2433.767000,778.710000,5.600000,0.000000,0.000000,8000.000000,0.000000,0.000000,0.000000,0.000000,0.000000,0.000000,0.000000,0.000000,0.000000,0.000000,0.000000,0.000000,0.000000,100.000000,1.000000,100.000000,0.000000,0.000000,0.000000,0.000000,0.000000,0.000000,0.000000,100.000000,0.000000,0.000000,0.000000,0.000000,0.000000,0.000000,100.000000,0.000000,0.000000,0.000000,0.000000,0.000000,,,,,,,,,,,,,,,,,,,,,,76.200000,542.600000,120.924000,16.612000,90.400000,102.300000,111.400000,114.200000,115.800000,117.200000,118.600000,120.200000,122.800000,127.400000,137.400000,145.300000,175.100000,217.200000,243.000000,278.800000,543.300000,,,,,,,,,,,,,,,,,,,,,
0313_163640,base,2,10,create,read,filecreate,read,5.900000,2.000000,16000.000000,8000.000000,3197.500000,12789.760000,12.490000,62.500000,5024.900000,163.886000,455.214000,60.886000,4.020000,56703.800000,2.000000,0.000000,0.000000,181132.000000,1.000000,13.110000,,62.500000,,12789.760000,12.490000,62.500000,5024.900000,5024.900000,7195.200000,22528.000000,12098.252000,2244.165000,94.521000,18.300000,1798.800000,5632.000000,3024.548000,561.043000,18.300000,0.000000,0.000000,16000.000000,0.000000,0.000000,0.000000,0.000000,0.000000,0.000000,0.000000,0.000000,0.000000,0.000000,0.000000,0.000000,0.000000,100.000000,1.000000,100.000000,0.000000,0.000000,0.000000,0.000000,0.000000,0.000000,0.000000,100.000000,0.000000,0.000000,0.000000,0.000000,0.000000,0.000000,100.000000,0.000000,0.000000,0.000000,0.000000,0.000000,,,,,,,,,,,,,,,,,,,,,,65.500000,35904.600000,163.886000,455.214000,83.200000,91.600000,97.300000,108.000000,122.300000,138.400000,151.900000,164.500000,178.300000,195.600000,234.000000,258.100000,292.900000,307.600000,384.600000,750.600000,29241.900000,,,,,,,,,,,,,,,,,,,,,
0313_163640,base,3,10,create,read,filecreate,read,6.000000,3.000000,24000.000000,8000.000000,4912.300000,19650.560000,19.190000,93.800000,4907.800000,158.508000,498.075000,62.036000,4.588000,87871.200000,3.000000,0.000000,0.000000,181351.200000,1.000000,20.130000,,93.800000,,19650.560000,19.190000,93.800000,4907.800000,4907.800000,8396.900000,35683.200000,18903.703000,2868.046000,95.724000,27.000000,2098.900000,8920.800000,4725.889000,717.027000,27.000000,0.000000,0.000000,24000.000000,0.000000,0.000000,0.000000,0.000000,0.000000,0.000000,0.000000,0.000000,0.000000,0.000000,0.000000,0.000000,0.000000,100.000000,1.000000,100.000000,0.000000,0.000000,0.000000,0.000000,0.000000,0.000000,0.000000,100.000000,0.000000,0.000000,0.000000,0.000000,0.000000,0.000000,100.000000,0.000000,0.000000,0.000000,0.000000,0.000000,,,,,,,,,,,,,,,,,,,,,,58.400000,50007.300000,158.508000,498.075000,80.300000,87.700000,92.200000,99.400000,106.500000,118.200000,133.500000,151.600000,172.000000,196.800000,241.500000,281.800000,373.700000,398.600000,514.100000,1146.100000,25329.400000,,,,,,,,,,,,,,,,,,,,,
0313_163640,base,4,10,create,read,filecreate,read,6.500000,4.000000,32000.000000,8000.000000,6412.800000,25651.200000,25.050000,125.000000,5001.300000,178.802000,558.293000,59.575000,5.078000,121608.000000,4.000000,0.000000,0.000000,181577.300000,1.000000,26.270000,,125.000000,,25651.200000,25.050000,125.000000,5001.300000,5001.300000,10326.400000,42916.800000,25997.316000,2667.401000,98.875000,36.000000,2581.100000,10729.200000,6499.269000,666.870000,36.000000,0.000000,0.000000,32000.000000,0.000000,0.000000,0.000000,0.000000,0.000000,0.000000,0.000000,0.000000,0.000000,0.000000,0.000000,0.000000,0.000000,100.000000,1.000000,100.000000,0.000000,0.000000,0.000000,0.000000,0.000000,0.000000,0.000000,100.000000,0.000000,0.000000,0.000000,0.000000,0.000000,0.000000,100.000000,0.000000,0.000000,0.000000,0.000000,0.000000,,,,,,,,,,,,,,,,,,,,,,61.400000,51438.300000,178.802000,558.293000,89.200000,94.000000,98.400000,107.300000,120.100000,136.100000,153.300000,172.100000,195.500000,226.100000,271.100000,312.300000,410.900000,451.100000,645.200000,1294.000000,32679.300000,,,,,,,,,,,,,,,,,,,,,
0313_163640,base,5,10,create,read,filecreate,read,8.800000,5.000000,40000.000000,8000.000000,5863.400000,23459.840000,22.910000,156.000000,6877.500000,189.133000,520.906000,64.558000,3.885000,152250.200000,5.000000,0.000000,0.000000,181815.300000,1.000000,24.020000,,156.000000,,23459.840000,22.910000,156.000000,6877.500000,6877.500000,10171.900000,46001.100000,26855.498000,2077.182000,99.804000,55.500000,2542.300000,11500.100000,6713.783000,519.308000,55.500000,0.000000,0.000000,40000.000000,0.000000,0.000000,0.000000,0.000000,0.000000,0.000000,0.000000,0.000000,0.000000,0.000000,0.000000,0.000000,0.000000,100.000000,1.000000,100.000000,0.000000,0.000000,0.000000,0.000000,0.000000,0.000000,0.000000,100.000000,0.000000,0.000000,0.000000,0.000000,0.000000,0.000000,100.000000,0.000000,0.000000,0.000000,0.000000,0.000000,,,,,,,,,,,,,,,,,,,,,,53.300000,50280.100000,189.133000,520.906000,78.500000,86.800000,93.300000,108.300000,126.300000,145.600000,164.300000,184.300000,210.900000,246.500000,300.300000,347.600000,447.900000,492.600000,736.100000,1140.300000,26306.600000,,,,,,,,,,,,,,,,,,,,,
0313_163640,base,6,10,create,read,filecreate,read,8.500000,6.000000,48000.000000,8000.000000,7697.500000,30801.920000,30.080000,188.000000,6253.600000,265.454000,624.891000,55.430000,4.718000,197113.500000,6.000000,0.000000,0.000000,182096.500000,1.000000,31.530000,,188.000000,,30801.920000,30.080000,188.000000,6253.600000,6253.600000,13445.300000,45520.800000,32294.937000,1546.687000,100.000000,68.700000,3361.000000,11380.200000,8073.704000,386.681000,68.700000,0.000000,0.000000,48000.000000,0.000000,0.000000,0.000000,0.000000,0.000000,0.000000,0.000000,0.000000,0.000000,0.000000,0.000000,0.000000,0.000000,100.000000,1.000000,100.000000,0.000000,0.000000,0.000000,0.000000,0.000000,0.000000,0.000000,100.000000,0.000000,0.000000,0.000000,0.000000,0.000000,0.000000,100.000000,0.000000,0.000000,0.000000,0.000000,0.000000,,,,,,,,,,,,,,,,,,,,,,58.600000,56061.500000,265.454000,624.891000,88.100000,98.900000,111.400000,143.400000,173.000000,202.000000,234.800000,269.700000,308.100000,355.800000,431.000000,494.700000,619.100000,676.400000,1042.200000,1720.100000,43582.000000,,,,,,,,,,,,,,,,,,,,,
0313_163640,base,7,10,create,read,filecreate,read,11.500000,7.000000,56000.000000,8000.000000,6170.500000,24678.400000,24.100000,219.000000,9121.500000,263.516000,494.349000,66.300000,2.898000,222318.400000,7.000000,0.000000,0.000000,182357.900000,1.000000,25.280000,,219.000000,,24678.400000,24.100000,219.000000,9121.500000,9121.500000,10315.500000,53511.200000,27413.304000,1594.087000,100.000000,107.200000,2578.700000,13377.500000,6853.157000,398.514000,107.200000,0.000000,0.000000,56000.000000,0.000000,0.000000,0.000000,0.000000,0.000000,0.000000,0.000000,0.000000,0.000000,0.000000,0.000000,0.000000,0.000000,100.000000,1.000000,100.000000,0.000000,0.000000,0.000000,0.000000,0.000000,0.000000,0.000000,100.000000,0.000000,0.000000,0.000000,0.000000,0.000000,0.000000,100.000000,0.000000,0.000000,0.000000,0.000000,0.000000,,,,,,,,,,,,,,,,,,,,,,59.700000,51727.600000,263.516000,494.349000,88.000000,99.600000,113.700000,139.900000,163.700000,189.500000,223.500000,261.800000,306.700000,363.500000,448.300000,523.000000,676.300000,750.200000,1143.900000,1975.500000,23999.900000,,,,,,,,,,,,,,,,,,,,,
0313_163640,base,8,10,create,read,filecreate,read,11.600000,8.000000,64000.000000,8000.000000,7031.200000,28129.280000,27.470000,250.000000,9179.300000,360.017000,583.959000,56.567000,3.692000,264811.100000,8.000000,0.000000,0.000000,182655.000000,1.000000,28.820000,,250.000000,,28129.280000,27.470000,250.000000,9179.300000,9179.300000,15066.000000,55562.400000,33106.796000,1317.224000,100.000000,121.900000,3765.600000,13890.500000,8276.624000,329.314000,121.900000,0.000000,0.000000,64000.000000,0.000000,0.000000,0.000000,0.000000,0.000000,0.000000,0.000000,0.000000,0.000000,0.000000,0.000000,0.000000,0.000000,100.000000,1.000000,100.000000,0.000000,0.000000,0.000000,0.000000,0.000000,0.000000,0.000000,100.000000,0.000000,0.000000,0.000000,0.000000,0.000000,0.000000,100.000000,0.000000,0.000000,0.000000,0.000000,0.000000,,,,,,,,,,,,,,,,,,,,,,55.800000,52584.600000,360.017000,583.959000,90.600000,111.600000,132.700000,172.400000,214.300000,256.600000,299.500000,346.900000,410.400000,495.400000,650.600000,803.300000,1080.500000,1186.600000,1543.900000,2292.600000,35111.300000,,,,,,,,,,,,,,,,,,,,,
0313_163640,base,9,10,create,read,filecreate,read,13.400000,9.000000,72000.000000,8000.000000,6914.100000,27648.000000,27.000000,281.000000,10492.500000,486.078000,699.872000,51.019000,3.476000,301517.000000,9.000000,0.000000,0.000000,182959.000000,1.000000,28.320000,,281.000000,,27648.000000,27.000000,281.000000,10492.500000,10492.500000,16239.300000,55502.100000,32748.438000,1136.931000,100.000000,157.000000,4058.800000,13875.100000,8186.967000,284.229000,157.000000,0.000000,0.000000,72000.000000,0.000000,0.000000,0.000000,0.000000,0.000000,0.000000,0.000000,0.000000,0.000000,0.000000,0.000000,0.000000,0.000000,100.000000,1.000000,100.000000,0.000000,0.000000,0.000000,0.000000,0.000000,0.000000,0.000000,100.000000,0.000000,0.000000,0.000000,0.000000,0.000000,0.000000,100.000000,0.000000,0.000000,0.000000,0.000000,0.000000,,,,,,,,,,,,,,,,,,,,,,53.100000,55983.400000,486.078000,699.872000,87.100000,114.200000,140.700000,195.200000,251.500000,310.300000,377.600000,458.900000,567.000000,730.800000,992.000000,1180.900000,1479.700000,1583.200000,1898.600000,3386.300000,40370.800000,,,,,,,,,,,,,,,,,,,,,
0313_163640,base,10,10,create,read,filecreate,read,15.800000,10.000000,80000.000000,8000.000000,6354.200000,25415.680000,24.820000,313.000000,12707.800000,799.082000,927.044000,40.478000,3.083000,341899.000000,10.000000,0.000000,0.000000,183275.900000,1.000000,26.030000,,313.000000,,25415.680000,24.820000,313.000000,12707.800000,12707.800000,15373.300000,39254.700000,28281.232000,580.624000,100.000000,228.200000,3841.000000,9813.600000,7070.164000,145.179000,228.200000,0.000000,0.000000,80000.000000,0.000000,0.000000,0.000000,0.000000,0.000000,0.000000,0.000000,0.000000,0.000000,0.000000,0.000000,0.000000,0.000000,100.000000,1.000000,100.000000,0.000000,0.000000,0.000000,0.000000,0.000000,0.000000,0.000000,100.000000,0.000000,0.000000,0.000000,0.000000,0.000000,0.000000,100.000000,0.000000,0.000000,0.000000,0.000000,0.000000,,,,,,,,,,,,,,,,,,,,,,52.300000,55980.500000,799.082000,927.044000,93.100000,129.000000,168.200000,271.300000,388.300000,534.500000,730.700000,936.900000,1129.700000,1288.200000,1465.100000,1597.900000,1841.200000,1930.600000,2254.000000,7040.800000,45613.600000,,,,,,,,,,,,,,,,,,,,,
0313_163640,base,11,10,create,read,filecreate,read,17.700000,11.000000,88000.000000,8000.000000,6227.300000,24883.200000,24.300000,344.000000,14221.300000,922.975000,989.780000,39.242000,2.795000,377329.400000,11.000000,0.000000,0.000000,183602.900000,1.000000,25.500000,,344.000000,,24883.200000,24.300000,344.000000,14221.300000,14221.300000,15085.700000,37683.300000,27605.115000,476.358000,100.000000,281.600000,3769.600000,9420.700000,6901.178000,119.103000,281.600000,0.000000,0.000000,88000.000000,0.000000,0.000000,0.000000,0.000000,0.000000,0.000000,0.000000,0.000000,0.000000,0.000000,0.000000,0.000000,0.000000,100.000000,1.000000,100.000000,0.000000,0.000000,0.000000,0.000000,0.000000,0.000000,0.000000,100.000000,0.000000,0.000000,0.000000,0.000000,0.000000,0.000000,100.000000,0.000000,0.000000,0.000000,0.000000,0.000000,,,,,,,,,,,,,,,,,,,,,,52.900000,55347.500000,922.975000,989.780000,99.500000,136.400000,178.100000,309.000000,458.100000,650.200000,886.100000,1115.200000,1297.500000,1463.400000,1653.500000,1798.600000,2066.700000,2172.100000,2690.500000,11954.400000,47605.700000,,,,,,,,,,,,,,,,,,,,,
0313_163640,base,12,10,create,read,filecreate,read,20.900000,12.000000,96000.000000,8000.000000,5813.100000,23255.040000,22.710000,375.000000,16765.700000,1211.226000,1079.251000,35.954000,2.505000,413528.900000,12.000000,0.000000,0.000000,183947.400000,1.000000,23.820000,,375.000000,,23255.040000,22.710000,375.000000,16765.700000,16765.700000,13997.600000,35003.200000,24490.532000,405.503000,100.000000,378.900000,3497.500000,8750.600000,6122.552000,101.385000,378.900000,0.000000,0.000000,96000.000000,0.000000,0.000000,0.000000,0.000000,0.000000,0.000000,0.000000,0.000000,0.000000,0.000000,0.000000,0.000000,0.000000,100.000000,1.000000,100.000000,0.000000,0.000000,0.000000,0.000000,0.000000,0.000000,0.000000,100.000000,0.000000,0.000000,0.000000,0.000000,0.000000,0.000000,100.000000,0.000000,0.000000,0.000000,0.000000,0.000000,,,,,,,,,,,,,,,,,,,,,,54.700000,57266.800000,1211.226000,1079.251000,98.600000,138.600000,179.400000,337.600000,574.100000,917.200000,1298.000000,1559.400000,1755.200000,1928.900000,2125.700000,2266.500000,2527.800000,2627.500000,3239.700000,12295.000000,48025.400000,,,,,,,,,,,,,,,,,,,,,
0313_163640,base,13,10,create,read,filecreate,read,23.000000,13.000000,104000.000000,8000.000000,5616.600000,22476.800000,21.950000,406.000000,18806.500000,1518.470000,1137.897000,29.783000,2.396000,451212.800000,13.000000,0.000000,0.000000,184313.500000,1.000000,23.010000,,406.000000,,22476.800000,21.950000,406.000000,18806.500000,18806.500000,15097.100000,38612.900000,23289.727000,402.936000,100.000000,463.700000,3772.700000,9653.000000,5822.319000,100.737000,463.700000,0.000000,0.000000,104000.000000,0.000000,0.000000,0.000000,0.000000,0.000000,0.000000,0.000000,0.000000,0.000000,0.000000,0.000000,0.000000,0.000000,100.000000,1.000000,100.000000,0.000000,0.000000,0.000000,0.000000,0.000000,0.000000,0.000000,100.000000,0.000000,0.000000,0.000000,0.000000,0.000000,0.000000,100.000000,0.000000,0.000000,0.000000,0.000000,0.000000,,,,,,,,,,,,,,,,,,,,,,55.300000,55111.200000,1518.470000,1137.897000,101.100000,146.400000,224.700000,554.700000,932.400000,1355.400000,1713.000000,1937.800000,2108.300000,2271.200000,2467.200000,2617.800000,2890.600000,2985.500000,4507.700000,13160.100000,47815.700000,,,,,,,,,,,,,,,,,,,,,
0313_163640,base,14,10,create,read,filecreate,read,25.100000,14.000000,112000.000000,8000.000000,5500.700000,22005.760000,21.490000,438.000000,20871.100000,1812.566000,1220.447000,25.935000,2.314000,488226.900000,14.000000,0.000000,0.000000,184693.000000,1.000000,22.520000,,438.000000,,22005.760000,21.490000,438.000000,20871.100000,20871.100000,15224.700000,39232.500000,22507.950000,359.529000,100.000000,560.100000,3804.000000,9807.800000,5626.896000,89.885000,560.100000,0.000000,0.800000,112000.000000,0.000000,0.000000,0.000000,0.000000,0.000000,0.000000,0.000000,0.000000,0.000000,0.000000,0.000000,0.000000,0.000000,100.000000,1.000000,100.000000,0.000000,0.000000,0.000000,0.000000,0.000000,0.000000,0.000000,100.000000,0.000000,0.000000,0.000000,0.000000,0.000000,0.000000,100.000000,0.000000,0.000000,0.000000,0.000000,0.000000,,,,,,,,,,,,,,,,,,,,,,58.400000,57526.100000,1812.566000,1220.447000,106.000000,154.000000,362.600000,999.600000,1358.300000,1725.600000,2023.900000,2213.200000,2372.100000,2533.500000,2726.800000,2877.500000,3139.700000,3241.300000,6729.500000,13959.700000,48864.100000,,,,,,,,,,,,,,,,,,,,,
0313_163640,base,15,10,create,read,filecreate,read,26.900000,15.000000,120000.000000,8000.000000,5652.900000,22609.920000,22.080000,469.000000,21864.300000,1849.607000,1328.743000,28.394000,2.112000,519498.300000,15.000000,0.000000,0.000000,185109.000000,1.000000,23.170000,,469.000000,,22609.920000,22.080000,469.000000,21864.300000,21864.300000,15071.100000,38756.000000,23135.673000,387.403000,100.000000,632.600000,3764.900000,9688.800000,5783.808000,96.856000,632.600000,0.000000,1.000000,120000.000000,0.000000,0.000000,0.000000,0.000000,0.000000,0.000000,0.000000,0.000000,0.000000,0.000000,0.000000,0.000000,0.000000,100.000000,1.000000,100.000000,0.000000,0.000000,0.000000,0.000000,0.000000,0.000000,0.000000,100.000000,0.000000,0.000000,0.000000,0.000000,0.000000,0.000000,100.000000,0.000000,0.000000,0.000000,0.000000,0.000000,,,,,,,,,,,,,,,,,,,,,,56.600000,54967.100000,1849.607000,1328.743000,97.200000,135.100000,198.900000,600.200000,1198.200000,1663.100000,2042.800000,2407.500000,2610.700000,2802.300000,3021.700000,3198.600000,3483.700000,3598.500000,6895.000000,13750.000000,47501.100000,,,,,,,,,,,,,,,,,,,,,
0313_163640,base,16,10,create,read,filecreate,read,26.200000,16.000000,128000.000000,8000.000000,6214.500000,24852.480000,24.270000,500.000000,21151.400000,1781.959000,1301.656000,27.634000,2.160000,554031.000000,16.000000,0.000000,0.000000,185537.700000,1.000000,25.460000,,500.000000,,24852.480000,24.270000,500.000000,21151.400000,21151.400000,15862.400000,48082.200000,26305.186000,513.503000,100.000000,639.200000,3962.700000,12020.300000,6576.126000,128.381000,639.200000,0.000000,0.000000,128000.000000,0.000000,0.000000,0.000000,0.000000,0.000000,0.000000,0.000000,0.000000,0.000000,0.000000,0.000000,0.000000,0.000000,100.000000,1.000000,100.000000,0.000000,0.000000,0.000000,0.000000,0.000000,0.000000,0.000000,100.000000,0.000000,0.000000,0.000000,0.000000,0.000000,0.000000,100.000000,0.000000,0.000000,0.000000,0.000000,0.000000,,,,,,,,,,,,,,,,,,,,,,51.500000,55956.000000,1781.959000,1301.656000,85.000000,122.100000,214.300000,668.500000,935.200000,1386.200000,2087.900000,2374.500000,2563.000000,2736.600000,2956.100000,3123.300000,3421.600000,3542.800000,5706.900000,13763.100000,45298.900000,,,,,,,,,,,,,,,,,,,,,
0313_163640,base,17,10,create,read,filecreate,read,30.400000,17.000000,136000.000000,8000.000000,5682.900000,22722.560000,22.190000,531.000000,24396.600000,2180.456000,1518.178000,23.579000,2.083000,590894.300000,17.000000,0.000000,0.000000,185998.000000,1.000000,23.290000,,531.000000,,22722.560000,22.190000,531.000000,24396.600000,24396.600000,15340.100000,49677.400000,23616.079000,454.544000,100.000000,786.900000,3832.100000,12419.200000,5903.777000,113.637000,786.900000,0.000000,0.100000,136000.000000,0.000000,0.000000,0.000000,0.000000,0.000000,0.000000,0.000000,0.000000,0.000000,0.000000,0.000000,0.000000,0.000000,100.000000,1.000000,100.000000,0.000000,0.000000,0.000000,0.000000,0.000000,0.000000,0.000000,100.000000,0.000000,0.000000,0.000000,0.000000,0.000000,0.000000,100.000000,0.000000,0.000000,0.000000,0.000000,0.000000,,,,,,,,,,,,,,,,,,,,,,51.100000,60905.300000,2180.456000,1518.178000,88.300000,130.300000,354.100000,925.600000,1326.600000,2059.900000,2605.700000,2812.100000,2992.400000,3169.200000,3392.100000,3565.500000,3883.600000,4011.500000,8389.200000,17721.300000,52730.800000,,,,,,,,,,,,,,,,,,,,,
0313_163640,base,18,10,create,read,filecreate,read,32.300000,18.000000,144000.000000,8000.000000,5533.700000,22149.120000,21.630000,563.000000,26487.000000,2464.715000,1677.901000,21.747000,1.994000,626515.600000,18.000000,0.000000,0.000000,186472.600000,1.000000,22.660000,,563.000000,,22149.120000,21.630000,563.000000,26487.000000,26487.000000,15887.500000,48458.400000,22567.104000,408.747000,100.000000,919.200000,3970.900000,12113.700000,5641.647000,102.178000,919.200000,0.000000,0.000000,144000.000000,0.000000,0.000000,0.000000,0.000000,0.000000,0.000000,0.000000,0.000000,0.000000,0.000000,0.000000,0.000000,0.000000,100.000000,1.000000,100.000000,0.000000,0.000000,0.000000,0.000000,0.000000,0.000000,0.000000,100.000000,0.000000,0.000000,0.000000,0.000000,0.000000,0.000000,100.000000,0.000000,0.000000,0.000000,0.000000,0.000000,,,,,,,,,,,,,,,,,,,,,,50.600000,60307.400000,2464.715000,1677.901000,88.400000,127.200000,392.900000,1082.300000,1467.600000,2294.200000,2939.800000,3192.100000,3392.000000,3582.200000,3824.500000,4008.000000,4360.300000,4502.900000,9909.500000,25002.600000,55942.000000,,,,,,,,,,,,,,,,,,,,,
0313_163640,base,19,10,create,read,filecreate,read,36.500000,19.000000,152000.000000,8000.000000,5141.200000,20561.920000,20.080000,594.000000,29936.900000,2907.641000,1726.782000,18.759000,1.903000,664427.400000,19.000000,0.000000,0.000000,186994.000000,1.000000,21.050000,,594.000000,,20561.920000,20.080000,594.000000,29936.900000,29936.900000,15315.900000,43341.200000,20909.125000,313.739000,99.997000,1102.800000,3827.000000,10834.900000,5227.187000,78.438000,1102.800000,0.000000,2.700000,152000.000000,0.000000,0.000000,0.000000,0.000000,0.000000,0.000000,0.000000,0.000000,0.000000,0.000000,0.000000,0.000000,0.000000,100.000000,1.000000,100.000000,0.000000,0.000000,0.000000,0.000000,0.000000,0.000000,0.000000,100.000000,0.000000,0.000000,0.000000,0.000000,0.000000,0.000000,100.000000,0.000000,0.000000,0.000000,0.000000,0.000000,,,,,,,,,,,,,,,,,,,,,,55.300000,60875.200000,2907.641000,1726.782000,95.100000,140.900000,771.800000,1450.700000,2255.100000,3083.300000,3418.100000,3631.300000,3805.000000,3988.600000,4206.500000,4394.800000,4745.200000,4895.900000,13392.600000,25127.200000,55155.500000,,,,,,,,,,,,,,,,,,,,,
0313_163640,base,20,10,create,read,filecreate,read,39.400000,20.000000,160000.000000,8000.000000,4943.800000,19773.440000,19.310000,625.000000,32648.900000,3241.801000,1842.054000,17.191000,1.818000,700746.500000,20.000000,0.000000,0.000000,187517.900000,1.000000,20.260000,,625.000000,,19773.440000,19.310000,625.000000,32648.900000,32648.900000,14591.100000,40927.500000,19998.297000,261.383000,100.000000,1268.100000,3646.200000,10231.000000,4999.455000,65.342000,1268.100000,0.000000,2.000000,160000.000000,0.000000,0.000000,0.000000,0.000000,0.000000,0.000000,0.000000,0.000000,0.000000,0.000000,0.000000,0.000000,0.000000,100.000000,1.000000,100.000000,0.000000,0.000000,0.000000,0.000000,0.000000,0.000000,0.000000,100.000000,0.000000,0.000000,0.000000,0.000000,0.000000,0.000000,100.000000,0.000000,0.000000,0.000000,0.000000,0.000000,,,,,,,,,,,,,,,,,,,,,,56.700000,64279.900000,3241.801000,1842.054000,96.200000,144.400000,928.100000,1686.800000,2914.500000,3536.300000,3772.100000,3958.800000,4132.500000,4312.900000,4548.700000,4719.000000,5099.200000,5276.100000,14195.400000,26477.200000,58353.700000,,,,,,,,,,,,,,,,,,,,,
0313_163640,base,21,10,create,read,filecreate,read,40.000000,21.000000,168000.000000,8000.000000,5143.800000,20572.160000,20.090000,656.000000,33034.400000,3229.972000,1926.526000,17.949000,1.737000,733470.700000,21.000000,0.000000,0.000000,188071.400000,1.000000,21.080000,,656.000000,,20572.160000,20.090000,656.000000,33034.400000,33034.400000,14979.200000,47257.000000,20997.815000,323.780000,100.000000,1339.300000,3743.200000,11813.700000,5249.321000,80.940000,1339.300000,0.000000,3.600000,168000.000000,0.000000,0.000000,0.000000,0.000000,0.000000,0.000000,0.000000,0.000000,0.000000,0.000000,0.000000,0.000000,0.000000,100.000000,1.000000,100.000000,0.000000,0.000000,0.000000,0.000000,0.000000,0.000000,0.000000,100.000000,0.000000,0.000000,0.000000,0.000000,0.000000,0.000000,100.000000,0.000000,0.000000,0.000000,0.000000,0.000000,,,,,,,,,,,,,,,,,,,,,,53.700000,60679.800000,3229.972000,1926.526000,88.700000,134.100000,759.400000,1349.200000,2562.400000,3468.200000,3904.900000,4116.200000,4299.600000,4476.600000,4686.200000,4863.300000,5197.400000,5341.600000,14549.400000,23672.100000,57357.700000,,,,,,,,,,,,,,,,,,,,,
0313_163640,base,22,10,create,read,filecreate,read,44.800000,22.000000,176000.000000,8000.000000,4733.300000,18944.000000,18.500000,688.000000,37421.300000,3844.887000,1940.723000,14.756000,1.652000,773295.700000,22.000000,0.000000,0.000000,188631.200000,1.000000,19.390000,,688.000000,,18944.000000,18.500000,688.000000,37421.300000,37421.300000,14386.700000,34194.100000,19261.519000,177.300000,100.000000,1606.100000,3595.000000,8547.600000,4815.300000,44.324000,1606.100000,0.000000,4.800000,176000.000000,0.000000,0.000000,0.000000,0.000000,0.000000,0.000000,0.000000,0.000000,0.000000,0.000000,0.000000,0.000000,0.000000,100.000000,1.000000,100.000000,0.000000,0.000000,0.000000,0.000000,0.000000,0.000000,0.000000,100.000000,0.000000,0.000000,0.000000,0.000000,0.000000,0.000000,100.000000,0.000000,0.000000,0.000000,0.000000,0.000000,,,,,,,,,,,,,,,,,,,,,,63.100000,60920.500000,3844.887000,1940.723000,109.800000,157.300000,1804.300000,2759.800000,3592.500000,4134.200000,4350.500000,4514.300000,4666.600000,4850.100000,5060.000000,5250.000000,5656.300000,5905.500000,15971.700000,35992.800000,56938.300000,,,,,,,,,,,,,,,,,,,,,
0313_163640,base,23,10,create,read,filecreate,read,46.700000,23.000000,184000.000000,8000.000000,4725.300000,18903.040000,18.460000,719.000000,39025.900000,4095.774000,1973.133000,13.548000,1.619000,809318.100000,23.000000,0.000000,0.000000,189239.800000,1.000000,19.340000,,719.000000,,18903.040000,18.460000,719.000000,39025.900000,39025.900000,14948.600000,32464.200000,19001.540000,112.827000,100.000000,1762.600000,3735.800000,8114.400000,4750.312000,28.203000,1762.600000,0.000000,5.600000,184000.000000,0.000000,0.000000,0.000000,0.000000,0.000000,0.000000,0.000000,0.000000,0.000000,0.000000,0.000000,0.000000,0.000000,100.000000,1.000000,100.000000,0.000000,0.000000,0.000000,0.000000,0.000000,0.000000,0.000000,100.000000,0.000000,0.000000,0.000000,0.000000,0.000000,0.000000,100.000000,0.000000,0.000000,0.000000,0.000000,0.000000,,,,,,,,,,,,,,,,,,,,,,59.300000,63150.700000,4095.774000,1973.133000,117.200000,159.600000,1579.500000,3624.800000,4135.800000,4362.100000,4527.300000,4686.200000,4830.500000,4987.800000,5210.700000,5394.200000,5794.000000,6108.500000,16437.000000,43201.900000,60608.100000,,,,,,,,,,,,,,,,,,,,,
0313_163640,base,24,10,create,read,filecreate,read,49.400000,24.000000,192000.000000,8000.000000,4650.400000,18606.080000,18.170000,750.000000,41349.400000,4397.974000,2021.410000,12.625000,1.565000,844497.500000,24.000000,0.000000,0.000000,189877.900000,1.000000,19.060000,,750.000000,,18606.080000,18.170000,750.000000,41349.400000,41349.400000,14987.000000,29745.000000,18696.759000,84.378000,100.000000,1952.200000,3744.700000,7434.300000,4674.103000,21.090000,1952.200000,0.000000,7.000000,192000.000000,0.000000,0.000000,0.000000,0.000000,0.000000,0.000000,0.000000,0.000000,0.000000,0.000000,0.000000,0.000000,0.000000,100.000000,1.000000,100.000000,0.000000,0.000000,0.000000,0.000000,0.000000,0.000000,0.000000,100.000000,0.000000,0.000000,0.000000,0.000000,0.000000,0.000000,100.000000,0.000000,0.000000,0.000000,0.000000,0.000000,,,,,,,,,,,,,,,,,,,,,,64.300000,61955.700000,4397.974000,2021.410000,120.800000,162.600000,2133.200000,4065.400000,4421.000000,4627.200000,4797.700000,4955.100000,5105.800000,5282.800000,5518.700000,5708.500000,6187.000000,6610.000000,19373.000000,44997.500000,59769.300000,,,,,,,,,,,,,,,,,,,,,
0313_163640,base,25,10,create,read,filecreate,read,51.700000,25.000000,200000.000000,8000.000000,4619.700000,18483.200000,18.050000,781.000000,43328.700000,4676.951000,2022.889000,11.681000,1.449000,880820.400000,25.000000,0.000000,0.000000,190539.900000,1.000000,18.920000,,781.000000,,18483.200000,18.050000,781.000000,43328.700000,43328.700000,15064.700000,26802.700000,18542.376000,69.989000,99.977000,2137.700000,3765.000000,6699.700000,4635.516000,17.495000,2137.700000,0.000000,4.200000,200000.000000,0.000000,0.000000,0.000000,0.000000,0.000000,0.000000,0.000000,0.000000,0.000000,0.000000,0.000000,0.000000,0.000000,100.000000,1.000000,100.000000,0.000000,0.000000,0.000000,0.000000,0.000000,0.000000,0.000000,100.000000,0.000000,0.000000,0.000000,0.000000,0.000000,0.000000,100.000000,0.000000,0.000000,0.000000,0.000000,0.000000,,,,,,,,,,,,,,,,,,,,,,62.500000,61947.600000,4676.951000,2022.889000,119.500000,164.800000,2644.300000,4376.800000,4692.900000,4883.000000,5059.900000,5217.400000,5374.500000,5557.800000,5820.000000,6036.500000,6645.700000,7235.700000,17924.600000,41733.800000,57462.300000,,,,,,,,,,,,,,,,,,,,,
0313_163640,base,26,10,create,read,filecreate,read,53.200000,26.000000,208000.000000,8000.000000,4702.900000,18810.880000,18.370000,813.000000,44253.100000,4760.677000,2143.218000,11.753000,1.409000,914528.300000,26.000000,0.000000,0.000000,191614.100000,1.000000,19.260000,,813.000000,,18810.880000,18.370000,813.000000,44253.100000,44253.100000,15230.300000,31290.200000,18946.198000,88.939000,100.000000,2264.800000,3805.600000,7822.400000,4736.463000,22.232000,2264.800000,0.000000,3.700000,208000.000000,0.000000,0.000000,0.000000,0.000000,0.000000,0.000000,0.000000,0.000000,0.000000,0.000000,0.000000,0.000000,0.000000,100.000000,1.000000,100.000000,0.000000,0.000000,0.000000,0.000000,0.000000,0.000000,0.000000,100.000000,0.000000,0.000000,0.000000,0.000000,0.000000,0.000000,100.000000,0.000000,0.000000,0.000000,0.000000,0.000000,,,,,,,,,,,,,,,,,,,,,,61.800000,62585.800000,4760.677000,2143.218000,117.100000,160.800000,2007.400000,4393.000000,4764.900000,5000.900000,5197.600000,5374.500000,5557.800000,5774.300000,6056.000000,6285.400000,6842.500000,7520.800000,17996.700000,44670.000000,60870.300000,,,,,,,,,,,,,,,,,,,,,
0313_163640,base,27,10,create,read,filecreate,read,55.000000,27.000000,216000.000000,8000.000000,4656.600000,18626.560000,18.190000,844.000000,46411.800000,5072.564000,2145.923000,10.725000,1.370000,950347.400000,27.000000,0.000000,0.000000,192537.100000,1.000000,19.070000,,844.000000,,18626.560000,18.190000,844.000000,46411.800000,46411.800000,15322.800000,23506.500000,18705.221000,47.819000,100.000000,2473.000000,3829.000000,5875.900000,4676.240000,11.953000,2473.000000,0.000000,2.400000,216000.000000,0.000000,0.000000,0.000000,0.000000,0.000000,0.000000,0.000000,0.000000,0.000000,0.000000,0.000000,0.000000,0.000000,100.000000,1.000000,100.000000,0.000000,0.000000,0.000000,0.000000,0.000000,0.000000,0.000000,100.000000,0.000000,0.000000,0.000000,0.000000,0.000000,0.000000,100.000000,0.000000,0.000000,0.000000,0.000000,0.000000,,,,,,,,,,,,,,,,,,,,,,65.900000,62128.800000,5072.564000,2145.923000,121.200000,162.400000,3436.800000,4732.000000,5040.300000,5250.000000,5446.700000,5616.900000,5800.500000,6010.300000,6305.200000,6580.300000,7255.400000,7881.200000,17852.300000,46491.700000,59690.600000,,,,,,,,,,,,,,,,,,,,,
0313_163640,base,28,10,create,read,filecreate,read,57.900000,28.000000,224000.000000,8000.000000,4618.700000,18462.720000,18.030000,875.000000,48519.700000,5357.380000,2230.147000,10.059000,1.319000,986367.000000,28.000000,0.000000,0.000000,193494.200000,1.000000,18.910000,,875.000000,,18462.720000,18.030000,875.000000,48519.700000,48519.700000,15005.300000,22310.500000,18532.845000,41.113000,100.000000,2690.100000,3748.800000,5576.900000,4633.152000,10.280000,2690.100000,0.000000,3.200000,224000.000000,0.000000,0.000000,0.000000,0.000000,0.000000,0.000000,0.000000,0.000000,0.000000,0.000000,0.000000,0.000000,0.000000,100.000000,1.000000,100.000000,0.000000,0.000000,0.000000,0.000000,0.000000,0.000000,0.000000,100.000000,0.000000,0.000000,0.000000,0.000000,0.000000,0.000000,100.000000,0.000000,0.000000,0.000000,0.000000,0.000000,,,,,,,,,,,,,,,,,,,,,,69.400000,62851.600000,5357.380000,2230.147000,121.400000,163.600000,4050.700000,5027.200000,5335.000000,5525.200000,5741.500000,5905.200000,6088.900000,6298.600000,6586.800000,6842.500000,7478.100000,8169.400000,23790.100000,48824.800000,61289.700000,,,,,,,,,,,,,,,,,,,,,
0313_163640,base,29,10,create,read,filecreate,read,60.300000,29.000000,232000.000000,8000.000000,4583.600000,18339.840000,17.910000,906.000000,50637.200000,5625.872000,2263.126000,9.620000,1.276000,1020971.900000,29.000000,0.000000,0.000000,194486.400000,1.000000,18.790000,,906.000000,,18339.840000,17.910000,906.000000,50637.200000,50637.200000,14957.300000,22151.800000,18377.961000,39.579000,100.000000,2907.200000,3737.500000,5536.300000,4594.423000,9.893000,2907.200000,0.000000,5.600000,232000.000000,0.000000,0.000000,0.000000,0.000000,0.000000,0.000000,0.000000,0.000000,0.000000,0.000000,0.000000,0.000000,0.000000,100.000000,1.000000,100.000000,0.000000,0.000000,0.000000,0.000000,0.000000,0.000000,0.000000,100.000000,0.000000,0.000000,0.000000,0.000000,0.000000,0.000000,100.000000,0.000000,0.000000,0.000000,0.000000,0.000000,,,,,,,,,,,,,,,,,,,,,,64.500000,63105.700000,5625.872000,2263.126000,121.500000,164.300000,4376.600000,5282.600000,5597.300000,5813.800000,6023.300000,6206.900000,6383.600000,6606.500000,6914.700000,7163.700000,7907.400000,8641.500000,21365.300000,46662.300000,60136.300000,,,,,,,,,,,,,,,,,,,,,
0313_163640,base,30,10,create,read,filecreate,read,62.600000,30.000000,240000.000000,8000.000000,4618.900000,18483.200000,18.050000,938.000000,51972.700000,5802.199000,2372.171000,9.298000,1.239000,1056341.100000,30.000000,0.000000,0.000000,195523.200000,1.000000,18.920000,,938.000000,,18483.200000,18.050000,938.000000,51972.700000,51972.700000,15000.000000,22081.400000,18516.183000,37.413000,100.000000,3093.500000,3748.400000,5520.100000,4628.995000,9.357000,3093.500000,0.000000,3.000000,240000.000000,0.000000,0.000000,0.000000,0.000000,0.000000,0.000000,0.000000,0.000000,0.000000,0.000000,0.000000,0.000000,0.000000,100.000000,1.000000,100.000000,0.000000,0.000000,0.000000,0.000000,0.000000,0.000000,0.000000,100.000000,0.000000,0.000000,0.000000,0.000000,0.000000,0.000000,100.000000,0.000000,0.000000,0.000000,0.000000,0.000000,,,,,,,,,,,,,,,,,,,,,,68.100000,62917.000000,5802.199000,2372.171000,121.300000,162.000000,4474.900000,5459.500000,5780.900000,6016.700000,6220.000000,6383.700000,6586.600000,6802.900000,7124.400000,7412.600000,8267.900000,9070.800000,26424.600000,50699.300000,61840.100000,,,,,,,,,,,,,,,,,,,,,
0313_163640,base,31,10,create,read,filecreate,read,64.300000,31.000000,248000.000000,8000.000000,4642.300000,18565.120000,18.130000,969.000000,53447.100000,5983.089000,2434.414000,9.036000,1.223000,1092272.200000,31.000000,0.000000,0.000000,196582.500000,1.000000,19.010000,,969.000000,,18565.120000,18.130000,969.000000,53447.100000,53447.100000,14767.000000,23557.800000,18620.191000,39.922000,99.996000,3287.400000,3690.700000,5888.300000,4655.005000,9.979000,3287.400000,0.000000,2.200000,248000.000000,0.000000,0.000000,0.000000,0.000000,0.000000,0.000000,0.000000,0.000000,0.000000,0.000000,0.000000,0.000000,0.000000,100.000000,1.000000,100.000000,0.000000,0.000000,0.000000,0.000000,0.000000,0.000000,0.000000,100.000000,0.000000,0.000000,0.000000,0.000000,0.000000,0.000000,100.000000,0.000000,0.000000,0.000000,0.000000,0.000000,,,,,,,,,,,,,,,,,,,,,,66.400000,62332.600000,5983.089000,2434.414000,121.400000,161.000000,4661.800000,5649.800000,5983.900000,6220.100000,6436.100000,6612.800000,6809.500000,7013.100000,7294.700000,7563.300000,8392.400000,9241.000000,29714.600000,51433.300000,60608.200000,,,,,,,,,,,,,,,,,,,,,
0313_163640,base,32,10,create,read,filecreate,read,67.500000,32.000000,256000.000000,8000.000000,4596.000000,18370.560000,17.940000,1000.000000,55736.700000,6278.301000,2472.328000,8.601000,1.175000,1128074.400000,32.000000,0.000000,0.000000,197677.500000,1.000000,18.830000,,1000.000000,,18370.560000,17.940000,1000.000000,55736.700000,55736.700000,14654.300000,22820.000000,18417.456000,37.508000,99.988000,3542.600000,3662.700000,5703.100000,4604.303000,9.376000,3542.600000,0.000000,3.900000,256000.000000,0.000000,0.000000,0.000000,0.000000,0.000000,0.000000,0.000000,0.000000,0.000000,0.000000,0.000000,0.000000,0.000000,100.000000,1.000000,100.000000,0.000000,0.000000,0.000000,0.000000,0.000000,0.000000,0.000000,100.000000,0.000000,0.000000,0.000000,0.000000,0.000000,0.000000,100.000000,0.000000,0.000000,0.000000,0.000000,0.000000,,,,,,,,,,,,,,,,,,,,,,67.900000,66192.800000,6278.301000,2472.328000,122.600000,164.300000,5125.400000,5951.300000,6272.500000,6508.100000,6731.000000,6907.900000,7104.800000,7314.400000,7622.300000,7897.700000,8766.000000,9591.800000,29924.500000,47972.700000,62495.400000,,,,,,,,,,,,,,,,,,,,,
0313_163640,base,36,10,create,read,filecreate,read,76.400000,36.000000,288000.000000,8000.000000,4560.400000,18257.920000,17.830000,1125.000000,63164.100000,7154.436000,2743.562000,8.214000,1.045000,1268109.500000,36.000000,0.000000,0.000000,198826.400000,1.000000,18.680000,,1125.000000,,18257.920000,17.830000,1125.000000,63164.100000,63164.100000,14942.100000,22756.300000,18279.030000,31.169000,100.000000,4515.300000,3735.000000,5686.900000,4569.714000,7.789000,4515.300000,0.000000,3.900000,288000.000000,0.000000,0.000000,0.000000,0.000000,0.000000,0.000000,0.000000,0.000000,0.000000,0.000000,0.000000,0.000000,0.000000,100.000000,1.000000,100.000000,0.000000,0.000000,0.000000,0.000000,0.000000,0.000000,0.000000,100.000000,0.000000,0.000000,0.000000,0.000000,0.000000,0.000000,100.000000,0.000000,0.000000,0.000000,0.000000,0.000000,,,,,,,,,,,,,,,,,,,,,,66.500000,65301.200000,7154.436000,2743.562000,124.100000,168.000000,5866.000000,6855.500000,7216.000000,7484.500000,7694.500000,7864.900000,8068.000000,8287.500000,8586.000000,8795.600000,9804.600000,10853.100000,37710.000000,54998.300000,62862.600000,,,,,,,,,,,,,,,,,,,,,
0313_163640,base,40,10,create,read,filecreate,read,85.600000,40.000000,320000.000000,8000.000000,4445.200000,17776.640000,17.360000,1250.000000,72053.600000,8165.650000,2978.798000,8.077000,0.937000,1406996.700000,40.000000,0.000000,0.000000,200089.400000,1.000000,18.210000,,1250.000000,,17776.640000,17.360000,1250.000000,72053.600000,72053.600000,14763.600000,25798.000000,17840.827000,33.937000,100.000000,5711.900000,3690.400000,6447.600000,4460.185000,8.479000,5711.900000,0.000000,4.500000,320000.000000,0.000000,0.000000,0.000000,0.000000,0.000000,0.000000,0.000000,0.000000,0.000000,0.000000,0.000000,0.000000,0.000000,100.000000,1.000000,100.000000,0.000000,0.000000,0.000000,0.000000,0.000000,0.000000,0.000000,100.000000,0.000000,0.000000,0.000000,0.000000,0.000000,0.000000,100.000000,0.000000,0.000000,0.000000,0.000000,0.000000,,,,,,,,,,,,,,,,,,,,,,67.100000,66376.500000,8165.650000,2978.798000,127.000000,175.700000,6809.700000,7812.400000,8238.500000,8556.300000,8766.100000,8992.100000,9214.800000,9437.500000,9738.900000,9962.000000,10866.600000,11928.100000,42415.400000,54893.500000,64514.200000,,,,,,,,,,,,,,,,,,,,,
0313_163640,base,44,10,create,read,filecreate,read,95.800000,44.000000,352000.000000,8000.000000,4378.400000,17510.400000,17.100000,1375.000000,80407.400000,9083.658000,3163.120000,8.205000,0.842000,1547177.200000,44.000000,0.000000,0.000000,201462.300000,1.000000,17.930000,,1375.000000,,17510.400000,17.100000,1375.000000,80407.400000,80407.400000,14822.000000,27828.600000,17622.111000,33.833000,100.000000,6996.000000,3705.100000,6955.100000,4405.494000,8.454000,6996.000000,0.000000,10.200000,352000.000000,0.000000,0.000000,0.000000,0.000000,0.000000,0.000000,0.000000,0.000000,0.000000,0.000000,0.000000,0.000000,0.000000,100.000000,1.000000,100.000000,0.000000,0.000000,0.000000,0.000000,0.000000,0.000000,0.000000,100.000000,0.000000,0.000000,0.000000,0.000000,0.000000,0.000000,100.000000,0.000000,0.000000,0.000000,0.000000,0.000000,,,,,,,,,,,,,,,,,,,,,,69.200000,67247.900000,9083.658000,3163.120000,129.500000,181.600000,7576.500000,8687.400000,9162.400000,9489.900000,9752.000000,10001.500000,10224.500000,10460.300000,10787.800000,11049.800000,12032.700000,13225.800000,42310.500000,57095.500000,65536.500000,,,,,,,,,,,,,,,,,,,,,
0313_163640,base,48,10,create,read,filecreate,read,105.500000,48.000000,384000.000000,8000.000000,4324.600000,17295.360000,16.890000,1500.000000,88827.300000,10062.228000,3401.837000,7.988000,0.777000,1687082.000000,48.000000,0.000000,0.000000,202996.500000,1.000000,17.710000,,1500.000000,,17295.360000,16.890000,1500.000000,88827.300000,88827.300000,14160.900000,28265.400000,17421.260000,34.051000,100.000000,8440.100000,3539.800000,7065.300000,4355.294000,8.509000,8440.100000,0.000000,9.300000,384000.000000,0.000000,0.000000,0.000000,0.000000,0.000000,0.000000,0.000000,0.000000,0.000000,0.000000,0.000000,0.000000,0.000000,100.000000,1.000000,100.000000,0.000000,0.000000,0.000000,0.000000,0.000000,0.000000,0.000000,100.000000,0.000000,0.000000,0.000000,0.000000,0.000000,0.000000,100.000000,0.000000,0.000000,0.000000,0.000000,0.000000,,,,,,,,,,,,,,,,,,,,,,69.600000,71146.800000,10062.228000,3401.837000,131.800000,187.800000,8477.600000,9634.500000,10119.400000,10486.500000,10787.800000,11023.600000,11311.800000,11560.700000,11928.400000,12190.500000,13238.800000,14320.100000,45666.000000,56571.200000,69888.200000,,,,,,,,,,,,,,,,,,,,,
0313_163640,base,52,10,create,read,filecreate,read,113.700000,52.000000,416000.000000,8000.000000,4324.300000,17295.360000,16.890000,1625.000000,96259.300000,10995.719000,3629.952000,7.456000,0.713000,1828218.300000,52.000000,0.000000,0.000000,204653.300000,1.000000,17.720000,,1625.000000,,17295.360000,16.890000,1625.000000,96259.300000,96259.300000,14473.800000,29362.000000,17387.787000,30.538000,100.000000,9917.200000,3618.000000,7338.400000,4346.857000,7.630000,9917.200000,0.000000,11.000000,416000.000000,0.000000,0.000000,0.000000,0.000000,0.000000,0.000000,0.000000,0.000000,0.000000,0.000000,0.000000,0.000000,0.000000,100.000000,1.000000,100.000000,0.000000,0.000000,0.000000,0.000000,0.000000,0.000000,0.000000,100.000000,0.000000,0.000000,0.000000,0.000000,0.000000,0.000000,100.000000,0.000000,0.000000,0.000000,0.000000,0.000000,,,,,,,,,,,,,,,,,,,,,,67.900000,69659.200000,10995.719000,3629.952000,131.800000,187.200000,9441.300000,10604.100000,11076.000000,11495.300000,11784.100000,12046.100000,12321.500000,12596.600000,12937.200000,13238.500000,14366.400000,15945.300000,46137.800000,57200.200000,67948.200000,,,,,,,,,,,,,,,,,,,,,
0313_163640,base,56,10,create,read,filecreate,read,124.400000,56.000000,448000.000000,8000.000000,4256.500000,17018.880000,16.620000,1750.000000,105293.400000,12127.401000,3882.744000,6.962000,0.656000,1969667.900000,56.000000,0.000000,0.000000,206422.600000,1.000000,17.430000,,1750.000000,,17018.880000,16.620000,1750.000000,105293.400000,105293.400000,14115.600000,26589.400000,17080.360000,23.975000,100.000000,11717.700000,3528.600000,6642.800000,4270.005000,5.989000,11717.700000,0.000000,15.300000,448000.000000,0.000000,0.000000,0.000000,0.000000,0.000000,0.000000,0.000000,0.000000,0.000000,0.000000,0.000000,0.000000,0.000000,100.000000,1.000000,100.000000,0.000000,0.000000,0.000000,0.000000,0.000000,0.000000,0.000000,100.000000,0.000000,0.000000,0.000000,0.000000,0.000000,0.000000,100.000000,0.000000,0.000000,0.000000,0.000000,0.000000,,,,,,,,,,,,,,,,,,,,,,69.100000,71806.200000,12127.401000,3882.744000,134.200000,191.200000,10643.400000,11862.800000,12347.500000,12701.400000,12976.500000,13251.600000,13500.600000,13763.300000,14091.000000,14379.200000,15394.800000,17125.100000,48392.300000,59874.200000,70412.500000,,,,,,,,,,,,,,,,,,,,,
0313_163640,base,60,10,create,read,filecreate,read,136.700000,60.000000,480000.000000,8000.000000,4236.600000,16947.200000,16.550000,1875.000000,113358.600000,13100.853000,4081.279000,6.814000,0.609000,2110355.400000,60.000000,0.000000,0.000000,207876.800000,1.000000,17.350000,,1875.000000,,16947.200000,16.550000,1875.000000,113358.600000,113358.600000,13739.700000,24118.700000,16981.150000,19.725000,100.000000,13550.000000,3434.400000,6025.000000,4245.211000,4.927000,13550.000000,0.000000,12.800000,480000.000000,0.000000,0.000000,0.000000,0.000000,0.000000,0.000000,0.000000,0.000000,0.000000,0.000000,0.000000,0.000000,0.000000,100.000000,1.000000,100.000000,0.000000,0.000000,0.000000,0.000000,0.000000,0.000000,0.000000,100.000000,0.000000,0.000000,0.000000,0.000000,0.000000,0.000000,100.000000,0.000000,0.000000,0.000000,0.000000,0.000000,,,,,,,,,,,,,,,,,,,,,,71.400000,73966.100000,13100.853000,4081.279000,135.200000,194.000000,11797.100000,12858.400000,13343.700000,13697.800000,13999.100000,14287.500000,14549.500000,14837.700000,15191.400000,15493.300000,16476.300000,18743.900000,47553.400000,59979.000000,71539.600000,,,,,,,,,,,,,,,,,,,,,
0313_163640,base,64,10,create,read,filecreate,read,144.600000,64.000000,512000.000000,8000.000000,4242.500000,16967.680000,16.570000,2000.000000,120733.400000,14009.375000,4344.203000,6.522000,0.571000,2249135.700000,64.000000,0.000000,0.000000,209371.100000,1.000000,17.370000,,2000.000000,,16967.680000,16.570000,2000.000000,120733.400000,120733.400000,13420.700000,24160.900000,16995.999000,18.838000,100.000000,15412.100000,3353.900000,6035.100000,4248.943000,4.708000,15412.100000,0.000000,14.100000,512000.000000,0.000000,0.000000,0.000000,0.000000,0.000000,0.000000,0.000000,0.000000,0.000000,0.000000,0.000000,0.000000,0.000000,100.000000,1.000000,100.000000,0.000000,0.000000,0.000000,0.000000,0.000000,0.000000,0.000000,100.000000,0.000000,0.000000,0.000000,0.000000,0.000000,0.000000,100.000000,0.000000,0.000000,0.000000,0.000000,0.000000,,,,,,,,,,,,,,,,,,,,,,68.200000,73969.500000,14009.375000,4344.203000,135.100000,193.000000,12688.100000,13750.200000,14274.200000,14641.200000,14981.800000,15256.900000,15545.800000,15847.400000,16240.400000,16587.600000,17773.800000,20133.200000,48864.200000,59979.100000,72824.200000,,,,,,,,,,,,,,,,,,,,,
0313_163640,uring,1,10,create,read,filecreate,read,2.700000,1.000000,8000.000000,8000.000000,3614.900000,14469.120000,14.130000,31.200000,2216.900000,43.747000,9.900000,67.096000,7.799000,31851.000000,1.000000,0.000000,0.000000,181059.000000,1.000000,14.820000,,31.200000,,14469.120000,14.130000,31.200000,2216.900000,2216.900000,7756.000000,19151.200000,12676.200000,4888.239000,87.490000,4.000000,1939.000000,4787.800000,3169.050000,1222.061000,4.000000,0.000000,0.000000,8000.000000,0.000000,0.000000,0.000000,0.000000,0.000000,0.000000,0.000000,0.000000,0.000000,0.000000,0.000000,0.000000,0.000000,100.000000,1.000000,100.000000,0.000000,0.000000,0.000000,0.000000,0.000000,0.000000,0.000000,100.000000,0.000000,0.000000,0.000000,0.000000,0.000000,0.000000,100.000000,0.000000,0.000000,0.000000,0.000000,0.000000,,,,,,,,,,,,,,,,,,,,,,36.700000,678.400000,43.747000,9.900000,39.200000,39.700000,40.300000,41.000000,41.500000,41.900000,42.500000,43.200000,43.900000,45.300000,49.100000,54.300000,72.900000,87.700000,114.400000,145.800000,679.000000,,,,,,,,,,,,,,,,,,,,,
0313_163640,uring,2,10,create,read,filecreate,read,4.000000,2.000000,16000.000000,8000.000000,4900.300000,19599.360000,19.140000,62.500000,3268.700000,51.494000,271.951000,73.954000,6.356000,66154.700000,2.000000,0.000000,0.000000,181272.200000,1.000000,20.080000,,62.500000,,19599.360000,19.140000,62.500000,3268.700000,3268.700000,8747.600000,29832.000000,16559.133000,3561.088000,84.285000,12.000000,2186.800000,7458.000000,4139.767000,890.281000,12.000000,0.000000,0.000000,16000.000000,0.000000,0.000000,0.000000,0.000000,0.000000,0.000000,0.000000,0.000000,0.000000,0.000000,0.000000,0.000000,0.000000,100.000000,1.000000,100.000000,0.000000,0.000000,0.000000,0.000000,0.000000,0.000000,0.000000,100.000000,0.000000,0.000000,0.000000,0.000000,0.000000,0.000000,100.000000,0.000000,0.000000,0.000000,0.000000,0.000000,,,,,,,,,,,,,,,,,,,,,,38.300000,27408.300000,51.494000,271.951000,41.400000,42.100000,42.600000,43.400000,44.100000,44.600000,45.500000,46.700000,49.100000,53.200000,59.400000,65.900000,90.900000,98.300000,137.500000,236.400000,12170.900000,,,,,,,,,,,,,,,,,,,,,
0313_163640,uring,3,10,create,read,filecreate,read,5.000000,3.000000,24000.000000,8000.000000,6080.500000,24330.240000,23.760000,93.800000,3952.300000,60.130000,297.141000,74.339000,5.951000,103561.600000,3.000000,0.000000,0.000000,181497.100000,1.000000,24.910000,,93.800000,,24330.240000,23.760000,93.800000,3952.300000,3952.300000,11529.800000,46117.600000,22580.290000,3839.802000,92.826000,20.900000,2882.100000,11529.400000,5645.024000,959.969000,20.900000,0.000000,0.000000,24000.000000,0.000000,0.000000,0.000000,0.000000,0.000000,0.000000,0.000000,0.000000,0.000000,0.000000,0.000000,0.000000,0.000000,100.000000,1.000000,100.000000,0.000000,0.000000,0.000000,0.000000,0.000000,0.000000,0.000000,100.000000,0.000000,0.000000,0.000000,0.000000,0.000000,0.000000,100.000000,0.000000,0.000000,0.000000,0.000000,0.000000,,,,,,,,,,,,,,,,,,,,,,35.600000,34902.400000,60.130000,297.141000,41.800000,43.200000,44.300000,45.400000,46.300000,47.300000,48.600000,51.900000,59.200000,69.300000,84.600000,95.600000,126.900000,138.400000,218.300000,422.500000,8427.500000,,,,,,,,,,,,,,,,,,,,,
0313_163640,uring,4,10,create,read,filecreate,read,5.000000,4.000000,32000.000000,8000.000000,8236.200000,32952.320000,32.180000,125.000000,3899.500000,64.753000,352.124000,71.571000,6.256000,140503.900000,4.000000,0.000000,0.000000,181729.200000,1.000000,33.720000,,125.000000,,32952.320000,32.180000,125.000000,3899.500000,3899.500000,15997.800000,66507.800000,33756.499000,4148.506000,99.193000,26.100000,3999.100000,16626.900000,8439.069000,1037.136000,26.100000,0.000000,0.000000,32000.000000,0.000000,0.000000,0.000000,0.000000,0.000000,0.000000,0.000000,0.000000,0.000000,0.000000,0.000000,0.000000,0.000000,100.000000,1.000000,100.000000,0.000000,0.000000,0.000000,0.000000,0.000000,0.000000,0.000000,100.000000,0.000000,0.000000,0.000000,0.000000,0.000000,0.000000,100.000000,0.000000,0.000000,0.000000,0.000000,0.000000,,,,,,,,,,,,,,,,,,,,,,35.000000,42959.600000,64.753000,352.124000,41.800000,43.700000,44.800000,46.100000,47.200000,48.400000,50.000000,56.000000,64.300000,77.900000,93.600000,108.600000,140.900000,156.000000,239.800000,438.500000,12702.300000,,,,,,,,,,,,,,,,,,,,,
0313_163640,uring,5,10,create,read,filecreate,read,6.700000,5.000000,40000.000000,8000.000000,7296.200000,29184.000000,28.500000,156.000000,5504.500000,65.127000,351.553000,77.071000,5.064000,174386.300000,5.000000,0.000000,0.000000,181991.400000,1.000000,29.870000,,156.000000,,29184.000000,28.500000,156.000000,5504.500000,5504.500000,15429.000000,69984.800000,31787.706000,3393.470000,100.000000,42.000000,3856.700000,17496.100000,7946.840000,848.371000,42.000000,0.000000,0.000000,40000.000000,0.000000,0.000000,0.000000,0.000000,0.000000,0.000000,0.000000,0.000000,0.000000,0.000000,0.000000,0.000000,0.000000,100.000000,1.000000,100.000000,0.000000,0.000000,0.000000,0.000000,0.000000,0.000000,0.000000,100.000000,0.000000,0.000000,0.000000,0.000000,0.000000,0.000000,100.000000,0.000000,0.000000,0.000000,0.000000,0.000000,,,,,,,,,,,,,,,,,,,,,,35.100000,48555.700000,65.127000,351.553000,40.500000,42.200000,44.200000,46.500000,47.700000,48.900000,50.600000,54.200000,62.800000,76.000000,96.200000,114.700000,157.200000,175.400000,437.000000,728.900000,9189.700000,,,,,,,,,,,,,,,,,,,,,
0313_163640,uring,6,10,create,read,filecreate,read,5.500000,6.000000,48000.000000,8000.000000,11770.000000,47022.080000,45.920000,188.000000,4092.300000,84.666000,409.042000,68.006000,6.325000,224804.300000,6.000000,0.000000,0.000000,182260.000000,1.000000,48.160000,,188.000000,,47022.080000,45.920000,188.000000,4092.300000,4092.300000,22053.200000,85615.000000,46928.751000,3416.559000,98.199000,40.400000,5512.600000,21403.300000,11731.990000,854.138000,40.400000,0.000000,0.000000,48000.000000,0.000000,0.000000,0.000000,0.000000,0.000000,0.000000,0.000000,0.000000,0.000000,0.000000,0.000000,0.000000,0.000000,100.000000,1.000000,100.000000,0.000000,0.000000,0.000000,0.000000,0.000000,0.000000,0.000000,100.000000,0.000000,0.000000,0.000000,0.000000,0.000000,0.000000,100.000000,0.000000,0.000000,0.000000,0.000000,0.000000,,,,,,,,,,,,,,,,,,,,,,35.600000,50599.100000,84.666000,409.042000,43.200000,45.900000,47.200000,48.700000,50.400000,55.700000,66.600000,79.800000,91.800000,109.700000,137.100000,158.500000,200.400000,219.200000,557.700000,944.100000,15139.200000,,,,,,,,,,,,,,,,,,,,,
0313_163640,uring,7,10,create,read,filecreate,read,9.300000,7.000000,56000.000000,8000.000000,7400.500000,29603.840000,28.910000,219.000000,7584.800000,68.271000,324.119000,82.750000,3.553000,246420.700000,7.000000,0.000000,0.000000,182540.400000,1.000000,30.300000,,219.000000,,29603.840000,28.910000,219.000000,7584.800000,7584.800000,15782.400000,95063.200000,36411.913000,3106.394000,100.000000,81.600000,3944.600000,23765.500000,9102.594000,776.607000,81.600000,0.000000,0.000000,56000.000000,0.000000,0.000000,0.000000,0.000000,0.000000,0.000000,0.000000,0.000000,0.000000,0.000000,0.000000,0.000000,0.000000,100.000000,1.000000,100.000000,0.000000,0.000000,0.000000,0.000000,0.000000,0.000000,0.000000,100.000000,0.000000,0.000000,0.000000,0.000000,0.000000,0.000000,100.000000,0.000000,0.000000,0.000000,0.000000,0.000000,,,,,,,,,,,,,,,,,,,,,,35.500000,47755.500000,68.271000,324.119000,41.600000,44.100000,45.800000,47.200000,48.400000,49.500000,51.200000,55.900000,66.700000,83.000000,104.100000,127.100000,175.400000,198.900000,531.200000,884.300000,2181.400000,,,,,,,,,,,,,,,,,,,,,
0313_163640,uring,8,10,create,read,filecreate,read,7.900000,8.000000,64000.000000,8000.000000,10424.700000,41738.240000,40.760000,250.000000,6147.800000,82.456000,445.206000,74.578000,4.958000,293856.600000,8.000000,0.000000,0.000000,182841.800000,1.000000,42.740000,,250.000000,,41738.240000,40.760000,250.000000,6147.800000,6147.800000,25534.100000,118273.600000,55929.102000,3425.923000,100.000000,69.200000,6382.400000,29568.100000,13982.026000,856.487000,69.200000,0.000000,0.000000,64000.000000,0.000000,0.000000,0.000000,0.000000,0.000000,0.000000,0.000000,0.000000,0.000000,0.000000,0.000000,0.000000,0.000000,100.000000,1.000000,100.000000,0.000000,0.000000,0.000000,0.000000,0.000000,0.000000,0.000000,100.000000,0.000000,0.000000,0.000000,0.000000,0.000000,0.000000,100.000000,0.000000,0.000000,0.000000,0.000000,0.000000,,,,,,,,,,,,,,,,,,,,,,34.900000,49823.100000,82.456000,445.206000,42.500000,44.700000,46.500000,48.100000,49.400000,51.600000,59.300000,71.300000,85.400000,102.100000,134.500000,162.200000,224.700000,254.400000,732.800000,1057.200000,27721.400000,,,,,,,,,,,,,,,,,,,,,
0313_163640,uring,9,10,create,read,filecreate,read,8.400000,9.000000,72000.000000,8000.000000,11226.700000,44881.920000,43.830000,281.000000,6436.000000,106.108000,459.072000,70.978000,4.904000,339315.900000,9.000000,0.000000,0.000000,183161.500000,1.000000,45.960000,,281.000000,,44881.920000,43.830000,281.000000,6436.000000,6436.000000,29661.500000,119362.600000,64067.301000,3064.435000,100.000000,79.900000,7413.300000,29840.200000,16016.420000,766.129000,79.900000,0.000000,0.000000,72000.000000,0.000000,0.000000,0.000000,0.000000,0.000000,0.000000,0.000000,0.000000,0.000000,0.000000,0.000000,0.000000,0.000000,100.000000,1.000000,100.000000,0.000000,0.000000,0.000000,0.000000,0.000000,0.000000,0.000000,100.000000,0.000000,0.000000,0.000000,0.000000,0.000000,0.000000,100.000000,0.000000,0.000000,0.000000,0.000000,0.000000,,,,,,,,,,,,,,,,,,,,,,34.600000,49506.300000,106.108000,459.072000,42.100000,45.100000,46.800000,48.500000,50.400000,57.000000,69.200000,84.300000,102.300000,132.100000,180.900000,253.500000,544.000000,686.500000,1123.900000,1680.700000,21457.000000,,,,,,,,,,,,,,,,,,,,,
0313_163640,uring,10,10,create,read,filecreate,read,8.500000,10.000000,80000.000000,8000.000000,12890.000000,51599.360000,50.390000,313.000000,6218.500000,167.615000,517.769000,64.062000,4.850000,390082.200000,10.000000,0.000000,0.000000,183482.700000,1.000000,52.850000,,313.000000,,51599.360000,50.390000,313.000000,6218.500000,6218.500000,28610.900000,116985.100000,61921.655000,2629.951000,100.000000,97.600000,7151.200000,29245.900000,15480.142000,657.500000,97.600000,0.000000,0.000000,80000.000000,0.000000,0.000000,0.000000,0.000000,0.000000,0.000000,0.000000,0.000000,0.000000,0.000000,0.000000,0.000000,0.000000,100.000000,1.000000,100.000000,0.000000,0.000000,0.000000,0.000000,0.000000,0.000000,0.000000,100.000000,0.000000,0.000000,0.000000,0.000000,0.000000,0.000000,100.000000,0.000000,0.000000,0.000000,0.000000,0.000000,,,,,,,,,,,,,,,,,,,,,,35.800000,49357.600000,167.615000,517.769000,43.100000,46.700000,48.100000,50.600000,57.700000,73.300000,89.300000,110.400000,138.700000,214.400000,391.000000,579.000000,947.800000,1041.300000,1281.700000,1694.700000,29654.000000,,,,,,,,,,,,,,,,,,,,,
0313_163640,uring,11,10,create,read,filecreate,read,10.000000,11.000000,88000.000000,8000.000000,11800.000000,47206.400000,46.100000,344.000000,7464.700000,249.206000,617.571000,58.744000,4.395000,430569.000000,11.000000,0.000000,0.000000,183820.200000,1.000000,48.330000,,344.000000,,47206.400000,46.100000,344.000000,7464.700000,7464.700000,27431.100000,120310.100000,60388.961000,2344.425000,100.000000,126.900000,6855.400000,30077.100000,15096.850000,586.124000,126.900000,0.000000,0.000000,88000.000000,0.000000,0.000000,0.000000,0.000000,0.000000,0.000000,0.000000,0.000000,0.000000,0.000000,0.000000,0.000000,0.000000,100.000000,1.000000,100.000000,0.000000,0.000000,0.000000,0.000000,0.000000,0.000000,0.000000,100.000000,0.000000,0.000000,0.000000,0.000000,0.000000,0.000000,100.000000,0.000000,0.000000,0.000000,0.000000,0.000000,,,,,,,,,,,,,,,,,,,,,,35.300000,53200.100000,249.206000,617.571000,42.900000,46.400000,48.200000,51.000000,59.300000,75.600000,94.900000,122.000000,167.600000,466.500000,754.400000,981.500000,1213.000000,1289.900000,1522.600000,2246.700000,33451.600000,,,,,,,,,,,,,,,,,,,,,
0313_163640,uring,12,10,create,read,filecreate,read,11.800000,12.000000,96000.000000,8000.000000,10280.800000,41144.320000,40.180000,375.000000,9352.300000,494.712000,747.052000,45.943000,3.778000,479713.200000,12.000000,0.000000,0.000000,184172.100000,1.000000,42.130000,,375.000000,,41144.320000,40.180000,375.000000,9352.300000,9352.300000,25005.200000,78476.200000,47173.358000,1179.297000,100.000000,192.500000,6248.600000,19618.800000,11793.037000,294.841000,192.500000,0.000000,0.000000,96000.000000,0.000000,0.000000,0.000000,0.000000,0.000000,0.000000,0.000000,0.000000,0.000000,0.000000,0.000000,0.000000,0.000000,100.000000,1.000000,100.000000,0.000000,0.000000,0.000000,0.000000,0.000000,0.000000,0.000000,100.000000,0.000000,0.000000,0.000000,0.000000,0.000000,0.000000,100.000000,0.000000,0.000000,0.000000,0.000000,0.000000,,,,,,,,,,,,,,,,,,,,,,36.000000,53787.900000,494.712000,747.052000,44.800000,48.000000,49.700000,53.900000,67.700000,90.200000,131.600000,494.300000,907.800000,1105.600000,1256.000000,1353.800000,1522.700000,1588.000000,1853.400000,3122.300000,37421.500000,,,,,,,,,,,,,,,,,,,,,
0313_163640,uring,13,10,create,read,filecreate,read,13.500000,13.000000,104000.000000,8000.000000,9716.500000,38871.040000,37.960000,406.000000,10703.500000,786.923000,931.800000,31.290000,3.512000,531454.600000,13.000000,0.000000,0.000000,184545.400000,1.000000,39.810000,,406.000000,,38871.040000,37.960000,406.000000,10703.500000,10703.500000,25978.300000,74292.100000,40954.970000,965.920000,100.000000,252.600000,6492.100000,18572.900000,10238.551000,241.492000,252.600000,0.000000,0.000000,104000.000000,0.000000,0.000000,0.000000,0.000000,0.000000,0.000000,0.000000,0.000000,0.000000,0.000000,0.000000,0.000000,0.000000,100.000000,1.000000,100.000000,0.000000,0.000000,0.000000,0.000000,0.000000,0.000000,0.000000,100.000000,0.000000,0.000000,0.000000,0.000000,0.000000,0.000000,100.000000,0.000000,0.000000,0.000000,0.000000,0.000000,,,,,,,,,,,,,,,,,,,,,,37.300000,51946.500000,786.923000,931.800000,46.500000,49.300000,52.000000,61.400000,87.400000,154.200000,877.400000,1167.100000,1327.600000,1470.100000,1629.000000,1737.200000,1920.800000,1987.900000,2284.300000,4622.400000,46347.700000,,,,,,,,,,,,,,,,,,,,,
0313_163640,uring,14,10,create,read,filecreate,read,15.300000,14.000000,112000.000000,8000.000000,9096.400000,36382.720000,35.530000,438.000000,12313.900000,1063.765000,989.066000,23.835000,3.207000,580248.000000,14.000000,0.000000,0.000000,184939.400000,1.000000,37.260000,,438.000000,,36382.720000,35.530000,438.000000,12313.900000,12313.900000,26346.200000,60820.500000,37169.001000,526.021000,100.000000,325.400000,6583.700000,15204.700000,9292.022000,131.515000,325.400000,0.000000,0.000000,112000.000000,0.000000,0.000000,0.000000,0.000000,0.000000,0.000000,0.000000,0.000000,0.000000,0.000000,0.000000,0.000000,0.000000,100.000000,1.000000,100.000000,0.000000,0.000000,0.000000,0.000000,0.000000,0.000000,0.000000,100.000000,0.000000,0.000000,0.000000,0.000000,0.000000,0.000000,100.000000,0.000000,0.000000,0.000000,0.000000,0.000000,,,,,,,,,,,,,,,,,,,,,,37.000000,55402.600000,1063.765000,989.066000,47.900000,51.300000,54.800000,69.200000,140.300000,1120.000000,1331.000000,1473.300000,1599.500000,1730.500000,1874.900000,1978.100000,2151.100000,2215.600000,2654.700000,5685.700000,44512.600000,,,,,,,,,,,,,,,,,,,,,
0313_163640,uring,15,10,create,read,filecreate,read,16.200000,15.000000,120000.000000,8000.000000,8975.300000,35891.200000,35.050000,469.000000,13373.400000,1143.076000,1047.706000,25.981000,2.847000,617097.700000,15.000000,0.000000,0.000000,185365.200000,1.000000,36.770000,,469.000000,,35891.200000,35.050000,469.000000,13373.400000,13373.400000,25858.400000,54012.000000,36293.021000,401.848000,99.956000,383.900000,6460.700000,13502.300000,9073.024000,100.474000,383.900000,0.000000,0.000000,120000.000000,0.000000,0.000000,0.000000,0.000000,0.000000,0.000000,0.000000,0.000000,0.000000,0.000000,0.000000,0.000000,0.000000,100.000000,1.000000,100.000000,0.000000,0.000000,0.000000,0.000000,0.000000,0.000000,0.000000,100.000000,0.000000,0.000000,0.000000,0.000000,0.000000,0.000000,100.000000,0.000000,0.000000,0.000000,0.000000,0.000000,,,,,,,,,,,,,,,,,,,,,,37.700000,54320.400000,1143.076000,1047.706000,47.700000,50.700000,53.400000,64.000000,102.600000,1037.500000,1475.100000,1640.400000,1781.500000,1915.800000,2064.000000,2173.000000,2346.800000,2408.900000,2785.600000,6914.600000,42087.700000,,,,,,,,,,,,,,,,,,,,,
0313_163640,uring,16,10,create,read,filecreate,read,18.000000,16.000000,128000.000000,8000.000000,8729.300000,34938.880000,34.120000,500.000000,14665.900000,1364.387000,1152.173000,20.274000,2.772000,666419.500000,16.000000,0.000000,0.000000,185810.700000,1.000000,35.770000,,500.000000,,34938.880000,34.120000,500.000000,14665.900000,14665.900000,25708.100000,48180.400000,35524.275000,313.232000,100.000000,452.700000,6421.000000,12044.800000,8880.820000,78.334000,452.700000,0.000000,0.000000,128000.000000,0.000000,0.000000,0.000000,0.000000,0.000000,0.000000,0.000000,0.000000,0.000000,0.000000,0.000000,0.000000,0.000000,100.000000,1.000000,100.000000,0.000000,0.000000,0.000000,0.000000,0.000000,0.000000,0.000000,100.000000,0.000000,0.000000,0.000000,0.000000,0.000000,0.000000,100.000000,0.000000,0.000000,0.000000,0.000000,0.000000,,,,,,,,,,,,,,,,,,,,,,38.100000,54580.900000,1364.387000,1152.173000,49.200000,52.800000,55.900000,73.900000,918.400000,1494.700000,1670.000000,1812.500000,1937.100000,2057.500000,2195.800000,2287.800000,2457.800000,2530.200000,3311.800000,10578.000000,50489.500000,,,,,,,,,,,,,,,,,,,,,
0313_163640,uring,17,10,create,read,filecreate,read,19.600000,17.000000,136000.000000,8000.000000,8289.600000,33157.120000,32.380000,531.000000,16408.200000,1600.464000,1360.294000,17.591000,2.575000,710622.500000,17.000000,0.000000,0.000000,186277.000000,1.000000,33.950000,,531.000000,,33157.120000,32.380000,531.000000,16408.200000,16408.200000,23448.600000,41888.800000,33447.122000,209.370000,100.000000,540.800000,5857.900000,10472.200000,8361.584000,52.367000,540.800000,0.000000,0.000000,136000.000000,0.000000,0.000000,0.000000,0.000000,0.000000,0.000000,0.000000,0.000000,0.000000,0.000000,0.000000,0.000000,0.000000,100.000000,1.000000,100.000000,0.000000,0.000000,0.000000,0.000000,0.000000,0.000000,0.000000,100.000000,0.000000,0.000000,0.000000,0.000000,0.000000,0.000000,100.000000,0.000000,0.000000,0.000000,0.000000,0.000000,,,,,,,,,,,,,,,,,,,,,,38.700000,57104.000000,1600.464000,1360.294000,49.700000,53.500000,57.700000,83.000000,1442.400000,1725.600000,1912.400000,2069.800000,2205.800000,2340.100000,2484.200000,2589.400000,2772.600000,2848.100000,4727.200000,21227.400000,52062.200000,,,,,,,,,,,,,,,,,,,,,
0313_163640,uring,18,10,create,read,filecreate,read,21.600000,18.000000,144000.000000,8000.000000,8000.000000,32010.240000,31.260000,563.000000,18008.500000,1813.947000,1487.038000,15.811000,2.442000,753930.400000,18.000000,0.000000,0.000000,186788.100000,1.000000,32.780000,,563.000000,,32010.240000,31.260000,563.000000,18008.500000,18008.500000,22446.200000,37380.000000,32125.497000,163.729000,100.000000,632.500000,5607.500000,9345.000000,8031.229000,40.955000,632.500000,0.000000,0.000000,144000.000000,0.000000,0.000000,0.000000,0.000000,0.000000,0.000000,0.000000,0.000000,0.000000,0.000000,0.000000,0.000000,0.000000,100.000000,1.000000,100.000000,0.000000,0.000000,0.000000,0.000000,0.000000,0.000000,0.000000,100.000000,0.000000,0.000000,0.000000,0.000000,0.000000,0.000000,100.000000,0.000000,0.000000,0.000000,0.000000,0.000000,,,,,,,,,,,,,,,,,,,,,,39.000000,57888.700000,1813.947000,1487.038000,50.300000,54.800000,61.500000,89.800000,1661.800000,1928.800000,2133.000000,2304.100000,2467.900000,2622.000000,2786.000000,2893.900000,3094.000000,3169.200000,8625.100000,38889.600000,52639.000000,,,,,,,,,,,,,,,,,,,,,
0313_163640,uring,19,10,create,read,filecreate,read,23.300000,19.000000,152000.000000,8000.000000,7777.500000,31129.600000,30.400000,594.000000,19559.300000,1995.512000,1597.072000,14.935000,2.387000,796424.800000,19.000000,0.000000,0.000000,187304.200000,1.000000,31.860000,,594.000000,,31129.600000,30.400000,594.000000,19559.300000,19559.300000,21637.400000,36374.600000,31214.441000,148.034000,99.974000,725.300000,5407.000000,9093.300000,7803.522000,37.017000,725.300000,0.000000,0.000000,152000.000000,0.000000,0.000000,0.000000,0.000000,0.000000,0.000000,0.000000,0.000000,0.000000,0.000000,0.000000,0.000000,0.000000,100.000000,1.000000,100.000000,0.000000,0.000000,0.000000,0.000000,0.000000,0.000000,0.000000,100.000000,0.000000,0.000000,0.000000,0.000000,0.000000,0.000000,100.000000,0.000000,0.000000,0.000000,0.000000,0.000000,,,,,,,,,,,,,,,,,,,,,,39.500000,56989.200000,1995.512000,1597.072000,50.600000,55.800000,65.200000,99.800000,1848.600000,2135.300000,2343.600000,2517.000000,2681.000000,2851.200000,3034.900000,3165.800000,3385.400000,3487.000000,9195.100000,41353.800000,54683.600000,,,,,,,,,,,,,,,,,,,,,
0313_163640,uring,20,10,create,read,filecreate,read,25.400000,20.000000,160000.000000,8000.000000,7525.600000,30105.600000,29.400000,625.000000,21299.700000,2203.000000,1695.350000,14.282000,2.255000,838967.300000,20.000000,0.000000,0.000000,187840.400000,1.000000,30.840000,,625.000000,,30105.600000,29.400000,625.000000,21299.700000,21299.700000,20312.500000,35087.200000,30158.732000,145.559000,99.956000,835.900000,5076.300000,8771.800000,7539.629000,36.398000,835.900000,0.000000,0.000000,160000.000000,0.000000,0.000000,0.000000,0.000000,0.000000,0.000000,0.000000,0.000000,0.000000,0.000000,0.000000,0.000000,0.000000,100.000000,1.000000,100.000000,0.000000,0.000000,0.000000,0.000000,0.000000,0.000000,0.000000,100.000000,0.000000,0.000000,0.000000,0.000000,0.000000,0.000000,100.000000,0.000000,0.000000,0.000000,0.000000,0.000000,,,,,,,,,,,,,,,,,,,,,,39.500000,57430.500000,2203.000000,1695.350000,51.100000,57.200000,68.800000,112.800000,2040.100000,2336.700000,2553.300000,2739.900000,2926.800000,3123.000000,3372.400000,3575.500000,3872.200000,3975.200000,11596.900000,41747.100000,52586.500000,,,,,,,,,,,,,,,,,,,,,
0313_163640,uring,21,10,create,read,filecreate,read,26.500000,21.000000,168000.000000,8000.000000,7460.700000,29849.600000,29.150000,656.000000,22559.600000,2332.971000,1742.226000,13.991000,2.174000,880365.900000,21.000000,0.000000,0.000000,188397.800000,1.000000,30.540000,,656.000000,,29849.600000,29.150000,656.000000,22559.600000,22559.600000,19853.500000,36352.000000,30024.074000,159.564000,100.000000,925.300000,4961.300000,9087.800000,7505.928000,39.901000,925.300000,0.000000,0.000000,168000.000000,0.000000,0.000000,0.000000,0.000000,0.000000,0.000000,0.000000,0.000000,0.000000,0.000000,0.000000,0.000000,0.000000,100.000000,1.000000,100.000000,0.000000,0.000000,0.000000,0.000000,0.000000,0.000000,0.000000,100.000000,0.000000,0.000000,0.000000,0.000000,0.000000,0.000000,100.000000,0.000000,0.000000,0.000000,0.000000,0.000000,,,,,,,,,,,,,,,,,,,,,,39.600000,58758.700000,2332.971000,1742.226000,50.900000,57.300000,69.300000,113.800000,2145.200000,2471.100000,2694.200000,2883.900000,3077.400000,3310.000000,3650.900000,3899.900000,4224.300000,4337.500000,10715.800000,39951.300000,53477.800000,,,,,,,,,,,,,,,,,,,,,
0313_163640,uring,22,10,create,read,filecreate,read,29.600000,22.000000,176000.000000,8000.000000,6962.400000,27852.800000,27.200000,688.000000,25288.700000,2655.340000,1981.772000,13.137000,2.096000,923226.600000,22.000000,0.000000,0.000000,188986.400000,1.000000,28.520000,,688.000000,,27852.800000,27.200000,688.000000,25288.700000,25288.700000,19107.200000,34163.100000,28023.827000,154.487000,100.000000,1090.900000,4774.300000,8540.300000,7005.885000,38.627000,1090.900000,0.000000,0.000000,176000.000000,0.000000,0.000000,0.000000,0.000000,0.000000,0.000000,0.000000,0.000000,0.000000,0.000000,0.000000,0.000000,0.000000,100.000000,1.000000,100.000000,0.000000,0.000000,0.000000,0.000000,0.000000,0.000000,0.000000,100.000000,0.000000,0.000000,0.000000,0.000000,0.000000,0.000000,100.000000,0.000000,0.000000,0.000000,0.000000,0.000000,,,,,,,,,,,,,,,,,,,,,,40.400000,58948.800000,2655.340000,1981.772000,51.900000,60.800000,76.300000,478.400000,2395.800000,2713.800000,2959.500000,3192.100000,3510.000000,3857.300000,4150.500000,4357.200000,4679.800000,4817.300000,16050.300000,44774.700000,57383.800000,,,,,,,,,,,,,,,,,,,,,
0313_163640,uring,23,10,create,read,filecreate,read,31.700000,23.000000,184000.000000,8000.000000,6765.300000,27043.840000,26.410000,719.000000,27201.200000,2891.139000,2083.704000,12.327000,2.034000,965582.100000,23.000000,0.000000,0.000000,189611.700000,1.000000,27.700000,,719.000000,,27043.840000,26.410000,719.000000,27201.200000,27201.200000,18904.500000,34066.300000,27242.583000,144.872000,100.000000,1228.800000,4724.800000,8516.300000,6810.594000,36.221000,1228.800000,0.000000,0.000000,184000.000000,0.000000,0.000000,0.000000,0.000000,0.000000,0.000000,0.000000,0.000000,0.000000,0.000000,0.000000,0.000000,0.000000,100.000000,1.000000,100.000000,0.000000,0.000000,0.000000,0.000000,0.000000,0.000000,0.000000,100.000000,0.000000,0.000000,0.000000,0.000000,0.000000,0.000000,100.000000,0.000000,0.000000,0.000000,0.000000,0.000000,,,,,,,,,,,,,,,,,,,,,,40.300000,61257.300000,2891.139000,2083.704000,52.100000,63.300000,80.800000,1202.900000,2635.100000,2933.100000,3198.700000,3513.400000,3857.300000,4139.200000,4437.300000,4666.700000,5099.200000,5263.200000,24078.300000,45141.700000,56518.700000,,,,,,,,,,,,,,,,,,,,,
0313_163640,uring,24,10,create,read,filecreate,read,34.100000,24.000000,192000.000000,8000.000000,6541.500000,26152.960000,25.540000,750.000000,29355.000000,3147.818000,2186.407000,11.628000,1.972000,1007694.100000,24.000000,0.000000,0.000000,190265.400000,1.000000,26.800000,,750.000000,,26152.960000,25.540000,750.000000,29355.000000,29355.000000,18446.700000,33560.000000,26341.674000,136.242000,100.000000,1383.800000,4610.000000,8389.600000,6585.365000,34.064000,1383.800000,0.000000,0.000000,192000.000000,0.000000,0.000000,0.000000,0.000000,0.000000,0.000000,0.000000,0.000000,0.000000,0.000000,0.000000,0.000000,0.000000,100.000000,1.000000,100.000000,0.000000,0.000000,0.000000,0.000000,0.000000,0.000000,0.000000,100.000000,0.000000,0.000000,0.000000,0.000000,0.000000,0.000000,100.000000,0.000000,0.000000,0.000000,0.000000,0.000000,,,,,,,,,,,,,,,,,,,,,,40.500000,57661.700000,3147.818000,2186.407000,52.700000,66.800000,86.600000,1811.100000,2883.900000,3195.400000,3503.400000,3877.000000,4173.800000,4437.400000,4797.600000,5132.100000,5571.000000,5728.200000,27958.100000,46976.800000,55417.700000,,,,,,,,,,,,,,,,,,,,,
0313_163640,uring,25,10,create,read,filecreate,read,36.100000,25.000000,200000.000000,8000.000000,6509.500000,26050.560000,25.440000,781.000000,30749.400000,3316.583000,2228.373000,11.308000,1.892000,1050090.800000,25.000000,0.000000,0.000000,191069.500000,1.000000,26.660000,,781.000000,,26050.560000,25.440000,781.000000,30749.400000,30749.400000,18310.200000,32961.200000,26185.542000,120.000000,100.000000,1516.300000,4574.500000,8240.300000,6546.319000,30.007000,1516.300000,0.000000,0.000000,200000.000000,0.000000,0.000000,0.000000,0.000000,0.000000,0.000000,0.000000,0.000000,0.000000,0.000000,0.000000,0.000000,0.000000,100.000000,1.000000,100.000000,0.000000,0.000000,0.000000,0.000000,0.000000,0.000000,0.000000,100.000000,0.000000,0.000000,0.000000,0.000000,0.000000,0.000000,100.000000,0.000000,0.000000,0.000000,0.000000,0.000000,,,,,,,,,,,,,,,,,,,,,,40.500000,58717.200000,3316.583000,2228.373000,53.100000,68.300000,90.100000,2146.700000,3067.600000,3411.600000,3752.500000,4081.800000,4347.200000,4635.400000,4994.500000,5302.400000,5761.100000,6069.200000,31012.000000,46085.400000,55129.400000,,,,,,,,,,,,,,,,,,,,,
0313_163640,uring,26,10,create,read,filecreate,read,37.700000,26.000000,208000.000000,8000.000000,6389.200000,25569.280000,24.970000,813.000000,32564.400000,3515.517000,2324.394000,11.165000,1.834000,1092318.000000,26.000000,0.000000,0.000000,192144.500000,1.000000,26.160000,,813.000000,,25569.280000,24.970000,813.000000,32564.400000,32564.400000,17921.500000,32518.800000,25732.653000,116.360000,100.000000,1664.500000,4477.800000,8129.700000,6433.094000,29.096000,1664.500000,0.000000,0.000000,208000.000000,0.000000,0.000000,0.000000,0.000000,0.000000,0.000000,0.000000,0.000000,0.000000,0.000000,0.000000,0.000000,0.000000,100.000000,1.000000,100.000000,0.000000,0.000000,0.000000,0.000000,0.000000,0.000000,0.000000,100.000000,0.000000,0.000000,0.000000,0.000000,0.000000,0.000000,100.000000,0.000000,0.000000,0.000000,0.000000,0.000000,,,,,,,,,,,,,,,,,,,,,,39.800000,59187.100000,3515.517000,2324.394000,53.700000,70.000000,95.800000,2254.100000,3241.200000,3640.900000,3991.600000,4293.100000,4588.000000,4948.400000,5335.300000,5636.500000,6128.100000,6462.400000,32375.300000,45928.200000,55994.300000,,,,,,,,,,,,,,,,,,,,,
0313_163640,uring,27,10,create,read,filecreate,read,40.000000,27.000000,216000.000000,8000.000000,6233.900000,24944.640000,24.360000,844.000000,34660.100000,3767.398000,2413.706000,10.631000,1.781000,1134644.600000,27.000000,0.000000,0.000000,193076.100000,1.000000,25.540000,,844.000000,,24944.640000,24.360000,844.000000,34660.100000,34660.100000,17261.900000,31933.700000,25101.692000,105.204000,100.000000,1842.000000,4312.200000,7983.100000,6275.360000,26.307000,1842.000000,0.000000,0.000000,216000.000000,0.000000,0.000000,0.000000,0.000000,0.000000,0.000000,0.000000,0.000000,0.000000,0.000000,0.000000,0.000000,0.000000,100.000000,1.000000,100.000000,0.000000,0.000000,0.000000,0.000000,0.000000,0.000000,0.000000,100.000000,0.000000,0.000000,0.000000,0.000000,0.000000,0.000000,100.000000,0.000000,0.000000,0.000000,0.000000,0.000000,,,,,,,,,,,,,,,,,,,,,,41.000000,61088.000000,3767.398000,2413.706000,55.000000,72.600000,101.900000,2641.600000,3545.900000,3952.300000,4306.300000,4614.200000,4889.400000,5223.900000,5623.500000,5957.800000,6455.700000,6698.200000,31968.900000,46609.600000,57462.400000,,,,,,,,,,,,,,,,,,,,,
0313_163640,uring,28,10,create,read,filecreate,read,42.000000,28.000000,224000.000000,8000.000000,6130.600000,24514.560000,23.940000,875.000000,36559.500000,4001.129000,2542.163000,10.185000,1.721000,1176865.900000,28.000000,0.000000,0.000000,194052.100000,1.000000,25.120000,,875.000000,,24514.560000,23.940000,875.000000,36559.500000,36559.500000,17146.600000,31244.600000,24658.882000,104.939000,100.000000,2014.700000,4282.800000,7810.800000,6164.609000,26.240000,2014.700000,0.000000,0.000000,224000.000000,0.000000,0.000000,0.000000,0.000000,0.000000,0.000000,0.000000,0.000000,0.000000,0.000000,0.000000,0.000000,0.000000,100.000000,1.000000,100.000000,0.000000,0.000000,0.000000,0.000000,0.000000,0.000000,0.000000,100.000000,0.000000,0.000000,0.000000,0.000000,0.000000,0.000000,100.000000,0.000000,0.000000,0.000000,0.000000,0.000000,,,,,,,,,,,,,,,,,,,,,,40.700000,64774.900000,4001.129000,2542.163000,55.500000,75.400000,105.200000,2844.700000,3795.100000,4181.700000,4502.900000,4817.300000,5191.000000,5610.300000,6043.100000,6344.400000,6809.500000,7104.600000,31208.800000,47868.000000,59559.600000,,,,,,,,,,,,,,,,,,,,,
0313_163640,uring,29,10,create,read,filecreate,read,44.000000,29.000000,232000.000000,8000.000000,6080.200000,24330.240000,23.760000,906.000000,38178.300000,4206.233000,2587.035000,9.717000,1.690000,1219352.300000,29.000000,0.000000,0.000000,195065.400000,1.000000,24.920000,,906.000000,,24330.240000,23.760000,906.000000,38178.300000,38178.300000,17372.000000,31308.000000,24462.628000,97.770000,100.000000,2182.700000,4339.600000,7826.800000,6115.567000,24.446000,2182.700000,0.000000,0.000000,232000.000000,0.000000,0.000000,0.000000,0.000000,0.000000,0.000000,0.000000,0.000000,0.000000,0.000000,0.000000,0.000000,0.000000,100.000000,1.000000,100.000000,0.000000,0.000000,0.000000,0.000000,0.000000,0.000000,0.000000,100.000000,0.000000,0.000000,0.000000,0.000000,0.000000,0.000000,100.000000,0.000000,0.000000,0.000000,0.000000,0.000000,,,,,,,,,,,,,,,,,,,,,,41.600000,59542.500000,4206.233000,2587.035000,56.000000,77.400000,107.500000,3182.300000,4045.900000,4411.300000,4719.100000,5040.300000,5453.100000,5885.600000,6278.900000,6567.100000,7078.600000,7379.900000,31287.500000,47501.100000,56649.800000,,,,,,,,,,,,,,,,,,,,,
0313_163640,uring,30,10,create,read,filecreate,read,46.200000,30.000000,240000.000000,8000.000000,5981.300000,23941.120000,23.380000,938.000000,40162.600000,4452.271000,2687.994000,9.305000,1.638000,1261195.600000,30.000000,0.000000,0.000000,196114.800000,1.000000,24.500000,,938.000000,,23941.120000,23.380000,938.000000,40162.600000,40162.600000,16718.600000,30764.400000,24041.682000,92.071000,100.000000,2379.700000,4175.600000,7690.100000,6010.336000,23.021000,2379.700000,0.000000,0.000000,240000.000000,0.000000,0.000000,0.000000,0.000000,0.000000,0.000000,0.000000,0.000000,0.000000,0.000000,0.000000,0.000000,0.000000,100.000000,1.000000,100.000000,0.000000,0.000000,0.000000,0.000000,0.000000,0.000000,0.000000,100.000000,0.000000,0.000000,0.000000,0.000000,0.000000,0.000000,100.000000,0.000000,0.000000,0.000000,0.000000,0.000000,,,,,,,,,,,,,,,,,,,,,,41.700000,59298.900000,4452.271000,2687.994000,57.300000,80.100000,109.800000,3536.100000,4334.000000,4686.300000,4987.900000,5335.200000,5774.400000,6193.600000,6567.300000,6875.300000,7373.200000,7694.300000,33410.800000,47448.500000,57147.900000,,,,,,,,,,,,,,,,,,,,,
0313_163640,uring,31,10,create,read,filecreate,read,48.200000,31.000000,248000.000000,8000.000000,5950.300000,23797.760000,23.240000,969.000000,41700.500000,4634.755000,2769.430000,9.165000,1.570000,1303272.500000,31.000000,0.000000,0.000000,197187.800000,1.000000,24.360000,,969.000000,,23797.760000,23.240000,969.000000,41700.500000,41700.500000,15715.000000,30169.200000,23895.485000,93.733000,100.000000,2556.200000,3925.200000,7541.900000,5973.802000,23.438000,2556.200000,0.000000,0.000000,248000.000000,0.000000,0.000000,0.000000,0.000000,0.000000,0.000000,0.000000,0.000000,0.000000,0.000000,0.000000,0.000000,0.000000,100.000000,1.000000,100.000000,0.000000,0.000000,0.000000,0.000000,0.000000,0.000000,0.000000,100.000000,0.000000,0.000000,0.000000,0.000000,0.000000,0.000000,100.000000,0.000000,0.000000,0.000000,0.000000,0.000000,,,,,,,,,,,,,,,,,,,,,,41.400000,60598.800000,4634.755000,2769.430000,57.400000,81.300000,110.900000,3700.000000,4483.300000,4830.300000,5184.400000,5557.800000,6082.100000,6468.900000,6849.200000,7130.900000,7654.900000,8120.500000,35612.900000,48759.300000,59087.700000,,,,,,,,,,,,,,,,,,,,,
0313_163640,uring,32,10,create,read,filecreate,read,50.000000,32.000000,256000.000000,8000.000000,5882.800000,23531.520000,22.980000,1000.000000,43540.800000,4874.211000,2864.265000,8.662000,1.536000,1345478.100000,32.000000,0.000000,0.000000,198305.000000,1.000000,24.100000,,1000.000000,,23531.520000,22.980000,1000.000000,43540.800000,43540.800000,16420.100000,30541.300000,23621.551000,88.756000,100.000000,2758.400000,4102.300000,7634.500000,5905.285000,22.193000,2758.400000,0.000000,0.000000,256000.000000,0.000000,0.000000,0.000000,0.000000,0.000000,0.000000,0.000000,0.000000,0.000000,0.000000,0.000000,0.000000,0.000000,100.000000,1.000000,100.000000,0.000000,0.000000,0.000000,0.000000,0.000000,0.000000,0.000000,100.000000,0.000000,0.000000,0.000000,0.000000,0.000000,0.000000,100.000000,0.000000,0.000000,0.000000,0.000000,0.000000,,,,,,,,,,,,,,,,,,,,,,41.500000,61366.100000,4874.211000,2864.265000,58.700000,83.400000,112.300000,4031.200000,4745.200000,5099.300000,5440.000000,5898.800000,6390.100000,6777.000000,7124.500000,7412.500000,7956.700000,8638.200000,35783.200000,48077.900000,58668.100000,,,,,,,,,,,,,,,,,,,,,
0313_163640,uring,36,10,create,read,filecreate,read,55.800000,36.000000,288000.000000,8000.000000,5947.600000,23797.760000,23.240000,1125.000000,48442.100000,5435.400000,3102.583000,8.535000,1.377000,1516958.600000,36.000000,0.000000,0.000000,199519.200000,1.000000,24.360000,,1125.000000,,23797.760000,23.240000,1125.000000,48442.100000,48442.100000,16220.700000,31951.900000,23880.498000,79.079000,100.000000,3455.000000,4054.400000,7986.500000,5970.073000,19.769000,3455.000000,0.000000,0.000000,288000.000000,0.000000,0.000000,0.000000,0.000000,0.000000,0.000000,0.000000,0.000000,0.000000,0.000000,0.000000,0.000000,0.000000,100.000000,1.000000,100.000000,0.000000,0.000000,0.000000,0.000000,0.000000,0.000000,0.000000,100.000000,0.000000,0.000000,0.000000,0.000000,0.000000,0.000000,100.000000,0.000000,0.000000,0.000000,0.000000,0.000000,,,,,,,,,,,,,,,,,,,,,,41.800000,63887.800000,5435.400000,3102.583000,60.000000,85.400000,114.600000,4620.800000,5328.600000,5708.600000,6082.400000,6554.100000,7045.700000,7491.000000,7897.800000,8192.700000,8756.300000,9346.100000,37959.000000,51066.200000,60503.300000,,,,,,,,,,,,,,,,,,,,,
0313_163640,uring,40,10,create,read,filecreate,read,61.500000,40.000000,320000.000000,8000.000000,5972.700000,23889.920000,23.330000,1250.000000,53593.100000,6006.419000,3258.408000,8.736000,1.240000,1687768.300000,40.000000,0.000000,0.000000,200849.000000,1.000000,24.470000,,1250.000000,,23889.920000,23.330000,1250.000000,53593.100000,53593.100000,16703.100000,33457.900000,23972.870000,66.943000,100.000000,4247.900000,4174.500000,8363.500000,5993.179000,16.736000,4247.900000,0.000000,0.000000,320000.000000,0.000000,0.000000,0.000000,0.000000,0.000000,0.000000,0.000000,0.000000,0.000000,0.000000,0.000000,0.000000,0.000000,100.000000,1.000000,100.000000,0.000000,0.000000,0.000000,0.000000,0.000000,0.000000,0.000000,100.000000,0.000000,0.000000,0.000000,0.000000,0.000000,0.000000,100.000000,0.000000,0.000000,0.000000,0.000000,0.000000,,,,,,,,,,,,,,,,,,,,,,41.200000,63450.900000,6006.419000,3258.408000,61.700000,87.900000,117.300000,5276.300000,5997.200000,6429.500000,6816.300000,7203.000000,7615.900000,8074.500000,8589.200000,8992.100000,9660.300000,10564.800000,34695.300000,47238.900000,60739.100000,,,,,,,,,,,,,,,,,,,,,
0313_163640,uring,44,10,create,read,filecreate,read,67.600000,44.000000,352000.000000,8000.000000,5965.700000,23869.440000,23.310000,1375.000000,59020.200000,6545.389000,3442.171000,9.344000,1.148000,1857802.800000,44.000000,0.000000,0.000000,202306.200000,1.000000,24.430000,,1375.000000,,23869.440000,23.310000,1375.000000,59020.200000,59020.200000,15973.100000,38370.400000,24048.133000,66.850000,100.000000,5123.100000,3992.300000,9591.500000,6012.012000,16.712000,5123.100000,0.000000,0.000000,352000.000000,0.000000,0.000000,0.000000,0.000000,0.000000,0.000000,0.000000,0.000000,0.000000,0.000000,0.000000,0.000000,0.000000,100.000000,1.000000,100.000000,0.000000,0.000000,0.000000,0.000000,0.000000,0.000000,0.000000,100.000000,0.000000,0.000000,0.000000,0.000000,0.000000,0.000000,100.000000,0.000000,0.000000,0.000000,0.000000,0.000000,,,,,,,,,,,,,,,,,,,,,,42.700000,64642.100000,6545.389000,3442.171000,63.700000,90.200000,120.100000,5853.000000,6554.100000,6999.800000,7392.900000,7786.200000,8185.900000,8657.900000,9254.100000,9673.300000,10342.400000,11128.700000,38929.000000,50594.400000,61001.400000,,,,,,,,,,,,,,,,,,,,,
0313_163640,uring,48,10,create,read,filecreate,read,74.300000,48.000000,384000.000000,8000.000000,5918.400000,23685.120000,23.130000,1500.000000,64903.700000,7172.685000,3669.217000,9.625000,1.089000,2028966.100000,48.000000,0.000000,0.000000,203908.000000,1.000000,24.230000,,1500.000000,,23685.120000,23.130000,1500.000000,64903.700000,64903.700000,16457.200000,37368.100000,23878.285000,58.828000,100.000000,6141.400000,4113.000000,9340.600000,5969.537000,14.704000,6141.400000,0.000000,0.000000,384000.000000,0.000000,0.000000,0.000000,0.000000,0.000000,0.000000,0.000000,0.000000,0.000000,0.000000,0.000000,0.000000,0.000000,100.000000,1.000000,100.000000,0.000000,0.000000,0.000000,0.000000,0.000000,0.000000,0.000000,100.000000,0.000000,0.000000,0.000000,0.000000,0.000000,0.000000,100.000000,0.000000,0.000000,0.000000,0.000000,0.000000,,,,,,,,,,,,,,,,,,,,,,42.100000,87837.500000,7172.685000,3669.217000,65.900000,93.500000,123.600000,6580.400000,7216.100000,7622.500000,8022.200000,8405.600000,8861.100000,9398.200000,9962.200000,10381.700000,11062.900000,11927.900000,40842.600000,50594.400000,87242.000000,,,,,,,,,,,,,,,,,,,,,
0313_163640,uring,52,10,create,read,filecreate,read,80.800000,52.000000,416000.000000,8000.000000,5882.900000,23531.520000,22.980000,1625.000000,70735.900000,7909.688000,3943.532000,8.823000,1.005000,2198933.300000,52.000000,0.000000,0.000000,205621.000000,1.000000,24.110000,,1625.000000,,23531.520000,22.980000,1625.000000,70735.900000,70735.900000,16467.200000,37720.600000,23695.492000,53.946000,100.000000,7259.500000,4116.200000,9427.200000,5923.751000,13.482000,7259.500000,0.000000,0.000000,416000.000000,0.000000,0.000000,0.000000,0.000000,0.000000,0.000000,0.000000,0.000000,0.000000,0.000000,0.000000,0.000000,0.000000,100.000000,1.000000,100.000000,0.000000,0.000000,0.000000,0.000000,0.000000,0.000000,0.000000,100.000000,0.000000,0.000000,0.000000,0.000000,0.000000,0.000000,100.000000,0.000000,0.000000,0.000000,0.000000,0.000000,,,,,,,,,,,,,,,,,,,,,,42.700000,90796.600000,7909.688000,3943.532000,68.400000,98.300000,125.500000,7301.300000,7943.600000,8386.100000,8821.800000,9319.600000,9830.800000,10342.400000,10931.900000,11364.200000,12098.800000,13042.300000,39427.000000,50961.500000,89968.400000,,,,,,,,,,,,,,,,,,,,,
0313_163640,uring,56,10,create,read,filecreate,read,88.000000,56.000000,448000.000000,8000.000000,5802.200000,23224.320000,22.680000,1750.000000,77228.600000,8686.162000,4216.617000,8.612000,0.938000,2370855.300000,56.000000,0.000000,0.000000,207246.500000,1.000000,23.770000,,1750.000000,,23224.320000,22.680000,1750.000000,77228.600000,77228.600000,15739.700000,33653.900000,23311.642000,45.367000,100.000000,8563.200000,3934.100000,8412.000000,5827.837000,11.340000,8563.200000,0.000000,0.000000,448000.000000,0.000000,0.000000,0.000000,0.000000,0.000000,0.000000,0.000000,0.000000,0.000000,0.000000,0.000000,0.000000,0.000000,100.000000,1.000000,100.000000,0.000000,0.000000,0.000000,0.000000,0.000000,0.000000,0.000000,100.000000,0.000000,0.000000,0.000000,0.000000,0.000000,0.000000,100.000000,0.000000,0.000000,0.000000,0.000000,0.000000,,,,,,,,,,,,,,,,,,,,,,43.100000,97520.500000,8686.162000,4216.617000,70.700000,102.800000,128.400000,8048.300000,8707.100000,9175.500000,9634.100000,10185.000000,10761.600000,11351.100000,11928.300000,12256.000000,13002.700000,13880.900000,41576.600000,53006.100000,96784.100000,,,,,,,,,,,,,,,,,,,,,
0313_163640,uring,60,10,create,read,filecreate,read,95.900000,60.000000,480000.000000,8000.000000,5737.000000,22968.320000,22.430000,1875.000000,83704.200000,9454.575000,4471.537000,8.417000,0.878000,2542886.500000,60.000000,0.000000,0.000000,208702.300000,1.000000,23.490000,,1875.000000,,22968.320000,22.430000,1875.000000,83704.200000,83704.200000,15069.900000,33964.300000,23033.040000,40.851000,100.000000,9973.800000,3766.200000,8486.500000,5758.157000,10.209000,9973.800000,0.000000,0.000000,480000.000000,0.000000,0.000000,0.000000,0.000000,0.000000,0.000000,0.000000,0.000000,0.000000,0.000000,0.000000,0.000000,0.000000,100.000000,1.000000,100.000000,0.000000,0.000000,0.000000,0.000000,0.000000,0.000000,0.000000,100.000000,0.000000,0.000000,0.000000,0.000000,0.000000,0.000000,100.000000,0.000000,0.000000,0.000000,0.000000,0.000000,,,,,,,,,,,,,,,,,,,,,,43.900000,108021.600000,9454.575000,4471.537000,73.000000,106.200000,132.100000,8874.200000,9489.900000,10054.000000,10565.100000,11089.100000,11626.700000,12203.500000,12793.100000,13120.600000,13855.200000,14779.100000,42887.300000,54421.600000,106955.300000,,,,,,,,,,,,,,,,,,,,,
0313_163640,uring,64,10,create,read,filecreate,read,102.900000,64.000000,512000.000000,8000.000000,5688.100000,22753.280000,22.220000,2000.000000,90070.400000,10177.849000,4707.896000,8.464000,0.835000,2714497.300000,64.000000,0.000000,0.000000,210251.800000,1.000000,23.300000,,2000.000000,,22753.280000,22.220000,2000.000000,90070.400000,90070.400000,15622.200000,33565.800000,22832.785000,37.350000,100.000000,11462.300000,3903.500000,8388.200000,5708.132000,9.338000,11462.300000,0.000000,0.000000,512000.000000,0.000000,0.000000,0.000000,0.000000,0.000000,0.000000,0.000000,0.000000,0.000000,0.000000,0.000000,0.000000,0.000000,100.000000,1.000000,100.000000,0.000000,0.000000,0.000000,0.000000,0.000000,0.000000,0.000000,100.000000,0.000000,0.000000,0.000000,0.000000,0.000000,0.000000,100.000000,0.000000,0.000000,0.000000,0.000000,0.000000,,,,,,,,,,,,,,,,,,,,,,43.800000,115988.900000,10177.849000,4707.896000,74.400000,107.600000,135.100000,9607.800000,10263.600000,10813.900000,11338.000000,11849.700000,12399.900000,13028.900000,13671.500000,14064.800000,14837.800000,15951.800000,43097.100000,54788.700000,114871.900000,,,,,,,,,,,,,,,,,,,,,
